ID,Infected
TzypemZo,1.0
Z2irFtF8,1.0
K5cVU3gq,1.0
9J2p6XNL,1.0
DFVgPm8y,1.0
D3CkYpFX,1.0
kwKhuYE5,1.0
5QiXcNng,1.0
79QR5qwC,1.0
jSUyBHcg,1.0
nLHUVfyi,1.0
sgruRKnm,1.0
ENgtoHG6,1.0
YMLQck5t,1.0
fKFUbjnV,1.0
6GUfpSNh,1.0
QgXit9oU,1.0
WghASHxm,1.0
6RWcZMpp,1.0
RrEvTkMd,1.0
7Hbjv2A5,1.0
JmHdzDtQ,1.0
8dYmfzvt,1.0
7hmMb8So,1.0
Vg33wgcA,1.0
UfPJ8REw,1.0
sksCmWUk,1.0
NeeD3HEE,1.0
pPZcfdmr,1.0
pstnGbzQ,1.0
FcPjkEdG,1.0
pbJraMTZ,1.0
N3hUoqoF,1.0
8yCXuTGC,1.0
SWgKAtGU,1.0
qDyTstua,1.0
HPhwbbwC,1.0
bGXksfoC,1.0
eHZRb79e,1.0
EE6PMafn,1.0
h4YLytV5,1.0
dhcvv4rx,1.0
j4rybRYU,1.0
a2bGrSrq,1.0
KRaoPAVX,1.0
Co2cCbRC,1.0
oFB9t3MU,1.0
DMLxLmuW,1.0
rEQtN4bc,1.0
47FB2aiD,1.0
E85KVPFF,1.0
KXMbLwU5,1.0
p22zjoN9,1.0
6vhsZTzR,1.0
NYx5HG2C,1.0
BeRiYNP8,1.0
7gf5SVrD,1.0
s3Q3E7mN,1.0
PxFsgWXe,1.0
nWbMMZcb,1.0
ZFEZYhvB,1.0
mWt6tBaG,1.0
dcrYGkQ2,1.0
qeAp8C2s,1.0
s8ve9Arm,1.0
d9daUAwJ,1.0
orpmmHjG,1.0
iBNrqqoW,1.0
p2c4VepF,1.0
5doLnj7K,1.0
LusikfPG,1.0
sAnwqPGZ,1.0
rvJSar3J,1.0
MF7qZvNT,1.0
NfAhRtVQ,1.0
pJvoTnmh,1.0
33PSB7Dw,1.0
huN9fEb4,1.0
BpsE2RtD,1.0
Q88scC9e,1.0
aWvjL36a,1.0
aAGVwea2,1.0
ecFbSzif,1.0
ARDFWuzH,1.0
L7maosnU,1.0
mDHnWLTa,1.0
XVX6pfes,1.0
3eViT2X6,1.0
T3vCYvtK,1.0
ajaPSaN8,1.0
6XFPG4kY,1.0
YBJ2nZAi,1.0
DNVU4ev3,1.0
oQQgiDCg,1.0
CrwMd8W7,1.0
4ssXMyMa,1.0
FsB4NjN3,1.0
pCjhNqav,1.0
QBXtQ7fm,1.0
fthjEpsV,1.0
k6aDCSjn,1.0
XbfSUSx4,1.0
odxTf67F,1.0
NVnQdyBc,1.0
UxvLifQE,1.0
NGxrj7St,1.0
g3ydomsh,1.0
rA458dLF,1.0
po6Dqt8s,1.0
pCBkgajY,1.0
C59fWvGW,1.0
HoFcWnut,1.0
3gsuRyH9,1.0
SDSCsQvQ,1.0
qQJbcbm2,1.0
iyGFZcSr,1.0
TUgHWPnW,1.0
FCoPGDNq,1.0
kSEgELnj,1.0
6qV4yysd,1.0
h25GCZV7,1.0
B7ADDkDY,1.0
WVUSF2uq,1.0
GXW4K8zF,1.0
tEzHosQH,1.0
QnRopoai,1.0
pGunjDWN,1.0
bFJh77ii,1.0
jucZH84d,1.0
WmpJZdqt,1.0
TKLdw4we,1.0
a8cKcGXT,1.0
dw3BKjdu,1.0
4XvrYxrz,1.0
iGjCj6sk,1.0
nynGrwQL,1.0
AxrBErn4,1.0
rHjg98Xp,1.0
GM4WCxPs,1.0
WabZCMvZ,1.0
LDm5tm9J,1.0
pNm4dztv,1.0
ArHGMQjx,1.0
7fYqSEHu,1.0
7VvvGAgr,1.0
pUxJteJM,1.0
mWhcyXEv,1.0
mLypjMHL,1.0
tUAdiJH9,1.0
HxxsEXVq,1.0
H6AgcRBS,1.0
KpRgZRyX,1.0
bTyTXxB6,1.0
7s7VwUqG,1.0
k7YYbpxA,1.0
EgGYWy4M,1.0
Ys9yRSnn,1.0
ANPQWkFW,1.0
jk5ZK9AM,1.0
nwJo4xaF,1.0
JFHNfNwQ,1.0
VvttVpEr,1.0
KAyXEx7A,1.0
rkgQP95Q,1.0
YscDUC4d,1.0
PScysBzr,1.0
CZsVTfqP,1.0
H6UwhFPW,1.0
q6S3rGUZ,1.0
Rz4jAVtF,1.0
oPd5cxRj,1.0
3A2nJxXn,1.0
5daC4eRM,1.0
JvWsBd26,1.0
E533beNh,1.0
NxBkrPYQ,1.0
7ZtXxg3s,1.0
UG7QESHS,1.0
Knzf8s3e,1.0
eJQcMrVU,1.0
EzNqZLLe,1.0
XgzCxaXj,1.0
VvYQkD52,1.0
suXkyctJ,1.0
QsZnW7DS,1.0
WYipGXbr,1.0
5mP5BrNE,1.0
CKKeyAup,1.0
jGXT4hjq,1.0
5rsryneE,1.0
UbSVp5pL,1.0
eGh2cxHi,1.0
j3FhY9b7,1.0
aBphGNF8,1.0
pcEcprow,1.0
oFioeTYQ,1.0
evw5EhA5,1.0
fUipMqa6,1.0
hUp9qwCQ,1.0
AJNH3LF6,1.0
CvtH6r9t,1.0
kVWPbbVv,1.0
LYGYvW3A,1.0
AGtBkhxc,1.0
JGmL5d9u,1.0
iw8dgVz4,1.0
LF5WPaUR,1.0
GH8mSKTy,1.0
PCmYt3Fw,1.0
4V73LeSS,1.0
868pvsxC,1.0
VGAY4Xzq,1.0
nKgWsbSe,1.0
YjANkvgP,1.0
PQvcqfKW,1.0
NrRpsjq9,1.0
MR3d4obt,1.0
reoGi8pR,1.0
HvFCq6EW,1.0
pAHpK8s9,1.0
CAjESTwJ,1.0
iDG65gJX,1.0
cxh8WYPQ,1.0
mMh98qcP,1.0
mfwb6qdz,1.0
Mqhw76PQ,1.0
VCnpbwXn,1.0
E5X5te7h,1.0
pmVfx2Nz,1.0
anfr5j7X,1.0
nZ6Ntk56,1.0
mBJxc3w2,1.0
f9GCnCtj,1.0
aCyiRpeZ,1.0
JuvtiAM6,1.0
qPwGu5vo,1.0
E8QAUWUH,1.0
opbLAphD,1.0
pjUqmnNc,1.0
WbQiYjy5,1.0
e5mhipHc,1.0
G35XHPaw,1.0
dhjBjres,1.0
sBZaxNEJ,1.0
DK9YECz9,1.0
q55nJFbn,1.0
Ga8vJudi,1.0
QJ5XvGwH,1.0
L2pd8EWc,1.0
Z78JDdi8,1.0
mk8kK6J9,1.0
GQVuv2sN,1.0
d7ZwKWCt,1.0
AuTnFrkv,1.0
D227b94t,1.0
tcaaxjEm,1.0
jbttKTSL,1.0
ZorNeBpd,1.0
LdoW6LnK,1.0
i7b6TKet,1.0
D2JhkEpm,1.0
3ddKfk5K,1.0
tjJUECV6,1.0
SmEVqeEq,1.0
VewtnPUX,1.0
N5q25N2L,1.0
QwZdiqj9,1.0
PWTEachW,1.0
KcmbFXqx,1.0
ChuNoPmN,1.0
CJhmf8LP,1.0
Y64ffx8L,1.0
79w49u2R,1.0
MpiNttX5,1.0
hpYZc3g7,1.0
GLTJAKgR,1.0
CjWGqZqx,1.0
AoLeQhmg,1.0
rR8YYRSs,1.0
C7eA93Zp,1.0
KKMiC4Fv,1.0
dqTcgWBT,1.0
FrfGpGSC,1.0
np6xUfc7,1.0
Xssj65ip,1.0
j4HxnT2D,1.0
gHLKQGGp,1.0
aKJTfkna,1.0
HRXj4YLb,1.0
FPVzXkZ4,1.0
7cyFD5of,1.0
Ynv9eeLu,1.0
MREEEtA2,1.0
jWf4mVK3,1.0
QvzP7JQ9,1.0
LfYhSBeb,1.0
gGg4fZuA,1.0
eSaq42TA,1.0
dxqRKPmv,1.0
NmYGNLKK,1.0
KQRcQRJV,1.0
dZVy9fD5,1.0
in7RRAXm,1.0
E4wtNyHb,1.0
JsXRknKm,1.0
rE5tRVPd,1.0
nMYn7MXb,1.0
7Cu8sUGo,1.0
WxpkeyhM,1.0
QuKWsquB,1.0
Xg3DbQTf,1.0
mYGZ7uz7,1.0
8nFfaDRf,1.0
HMbJbkJp,1.0
FMK7DFao,1.0
s8pqTdAZ,1.0
k5ZVTWhA,1.0
JVcLLYeg,1.0
sJuwHLqg,1.0
PXwDeyrP,1.0
NRykyjsu,1.0
fqB5WUNq,1.0
6ZKfKKh5,1.0
PnSmo2QR,1.0
E4fEwUso,1.0
DM5Qgnqn,1.0
ewgVFKpd,1.0
Bbvqer8F,1.0
nsjJTgjE,1.0
gDkoDcrQ,1.0
Yx6UdGNP,1.0
kKbq3bA6,1.0
9XVcNunv,1.0
e5NwWaTa,1.0
JuJA8opi,1.0
Y278BVhB,1.0
Z2VQJcaV,1.0
FmSs2Q8m,1.0
73Bd3WaA,1.0
CmtrmtJ7,1.0
3wh23zEn,1.0
QdQN8N2R,1.0
jT7mA9q7,1.0
EVjiuc6V,1.0
5VW3vzYV,1.0
i6fczsoK,1.0
pjZgPLdj,1.0
TURN6LZ6,1.0
LcbjzsWG,1.0
Hb7c9Miv,1.0
jEAVJLAC,1.0
EZSTgLqV,1.0
6Fogudkq,1.0
gSrrZaFf,1.0
8EdUggvh,1.0
nTNzLdmK,1.0
9vysZDMt,1.0
pEZmiY8A,1.0
r8jgGEDj,1.0
ES5K7h6T,1.0
gwXXHFy3,1.0
3QX6Wvqv,1.0
knxYXoqF,1.0
dna2WXkc,1.0
Y937oa3R,1.0
tK3wyk2A,1.0
nRuJHYSH,1.0
Kd7UK6JP,1.0
f22ZB9Kr,1.0
F9Pf8me5,1.0
fDC3BMtg,1.0
FJLx7aJJ,1.0
BqnsTUth,1.0
nNWf3NoP,1.0
HC4cgdDq,1.0
R5sF56py,1.0
LnmdWUVC,1.0
f9F524J8,1.0
SWmjaCum,1.0
UBScmZNe,1.0
mw3Z7zci,1.0
hzcsUVj3,1.0
7oFYZKDB,1.0
npYs5VF9,1.0
LEdgBU8u,1.0
Y5DvHnx5,1.0
m7ur7boA,1.0
rc6A45un,1.0
Tueq6N4C,1.0
BeX7aJ67,1.0
Ynn7sjS6,1.0
9Zqiew83,1.0
bfNVWGnN,1.0
Kh2kM7tP,1.0
JbpiBtAQ,1.0
PSaSzEZC,1.0
qFYdWKem,1.0
4XEnjKDu,1.0
qLSu9Cpv,1.0
ngV79r8g,1.0
phSJoVgH,1.0
Vac59RuL,1.0
H9EHsQzz,1.0
Be5AE6e6,1.0
rjkt3JEY,1.0
krrRie8X,1.0
sdBMkTfw,1.0
NnfazZ5y,1.0
jEKu8Buu,1.0
oFZy3xx2,1.0
YakBKkc6,1.0
927qDBm2,1.0
oTLAJKVT,1.0
a5K9E7j8,1.0
mx4zm9Kn,1.0
NukuGLk7,1.0
oEsXYVHk,1.0
ZWQ2ngz3,1.0
AZkbhWTX,1.0
mmKLsjYs,1.0
BJ53BKRA,1.0
DcH47Aga,1.0
WYUE3e28,1.0
Cpe94oqN,1.0
mXekf4ZY,1.0
kboYzv9w,1.0
AXbzyA3z,1.0
EtfZL6tv,1.0
TrDqt9Nj,1.0
PEtNPnTM,1.0
jFJh8uT7,1.0
45SQDRyJ,1.0
SENpAS4E,1.0
JznAkvR9,1.0
r7ubU3RY,1.0
gU8wyniT,1.0
VzFTEeN8,1.0
XPZdZnki,1.0
WStsh79W,1.0
9QEXu5vf,1.0
HkEb2TK8,1.0
FiJDdn3x,1.0
pmQTbbSa,1.0
fyd9jyqm,1.0
cJAU2Hp9,1.0
rrwYtRKM,1.0
8FbzCYTV,1.0
XdWyNwMy,1.0
3n9etMTM,1.0
RMkGgDvY,1.0
hA8YgETZ,1.0
nW49AK2J,1.0
dpbB3pUK,1.0
qNEHWN38,1.0
Yc9rjpz5,1.0
dYVLxThb,1.0
MsYsEV2h,1.0
3qGPKoBo,1.0
TSgqnbqu,1.0
LhSaQLeR,1.0
kuRrUtYn,1.0
aWNtuWjV,1.0
nLnY5MUq,1.0
Hu34XFQv,1.0
EjGpQZAF,1.0
drd67rqE,1.0
Ec9Yom9t,1.0
bemPTPJq,1.0
oYGv6bKb,1.0
qTeNB5Sc,1.0
YU378vFZ,1.0
eqw2VZyo,1.0
DzZnFtti,1.0
pUJGTg7p,1.0
aUsa33nU,1.0
a3B4DwB8,1.0
agCwbsiP,1.0
UHVi4tWx,1.0
U4A52Fdq,1.0
Fwi73iLh,1.0
VaczLYBC,1.0
qFie49nv,1.0
CaMeMPZs,1.0
RoE5s4JL,1.0
dBUcJrTj,1.0
9chSDMU3,1.0
nxjL5w4F,1.0
VouqwYqk,1.0
b2eKNgCa,1.0
FRsmxvCu,1.0
HTm872uk,1.0
jfLEycxz,1.0
8njStrUe,1.0
DVhZz2TB,1.0
mcWh8d4y,1.0
Wvp8Jvec,1.0
MGkKZcxi,1.0
gryG9rtR,1.0
JdNjyHff,1.0
7cTXsrrk,1.0
LtZisLRr,1.0
YwWHkafX,1.0
WnZzzAfx,1.0
4uQCwBYn,1.0
7qLKwHEJ,1.0
o5iLa7cc,1.0
GGoC8AgN,1.0
tp2fzZEp,1.0
CF2jqbMH,1.0
T5X9VPRG,1.0
LUiAPoHd,1.0
57ECDLyS,1.0
h6odacjP,1.0
5LA35AXH,1.0
aSdL454S,1.0
9mogkNK9,1.0
4i6b7iXE,1.0
XsGFyE8p,1.0
bEAhFQvG,1.0
JHjXRSHK,1.0
KHgweyky,1.0
q6MABS48,1.0
8kaYfqWx,1.0
e9CqCo9F,1.0
3BYtRtgh,1.0
apZFPv4q,1.0
5BoG27bY,1.0
aRdjJydL,1.0
VPufmbBV,1.0
eyX46yh9,1.0
ts8q6DWG,1.0
Bs7zc5fr,1.0
GRb9eUWS,1.0
hP5Pc7uV,1.0
ZwRuJdUF,1.0
CS3QJFeR,1.0
FkxhGXF7,1.0
TAsaeQgK,1.0
R6aoQ2Ez,1.0
pHjRBsGF,1.0
S5D3SZ47,1.0
LBbFDSv6,1.0
meNVy8bT,1.0
7VoZgADM,1.0
SW8fENpM,1.0
i3iCQvPF,1.0
p7kBU4oZ,1.0
rvJmyHQb,1.0
R44fnDXB,1.0
pBu9ouUt,1.0
TQJLbUeC,1.0
biegfzb2,1.0
bUn7cNra,1.0
CNB84NAU,1.0
fgR4Fiit,1.0
949sqiZH,1.0
MjvAPRkJ,1.0
6FvSFGeq,1.0
BtU8ir5b,1.0
ZVSqwKg8,1.0
7Kdgmw4n,1.0
S7btbkJc,1.0
84HZ5aLK,1.0
t6WNbWAS,1.0
cLPunJEs,1.0
HHp6RAMh,1.0
KrmSHVJr,1.0
hRfH8oUN,1.0
JhJYmtJY,1.0
Tt86hhq5,1.0
gRQjG9aj,1.0
977fyEHf,1.0
bDGypguR,1.0
pfQaZGaK,1.0
X6nioUta,1.0
Zwn72cUC,1.0
WZ7X756X,1.0
n8m3Ezqk,1.0
fyzfRg6p,1.0
PrYVfNts,1.0
37rLGXLu,1.0
KRktkEZh,1.0
WDeXc4ay,1.0
BKQ3eAbU,1.0
8sMgfiUe,1.0
pADDDQWa,1.0
rQbaEH4p,1.0
TfPzByiE,1.0
UBt5HetM,1.0
VfmRTjPD,1.0
ZXhTbACC,1.0
KvZFwwHV,1.0
ZiGbj4Dv,1.0
5v7z4au8,1.0
9m872po4,1.0
mbqrguyf,1.0
dzzdFa6s,1.0
SUVbTYEs,1.0
TpnEUAvb,1.0
WNtw3PzH,1.0
kpi4REFv,1.0
HXpuPAXc,1.0
7jQYD745,1.0
5mj5bCur,1.0
R8nM2v6o,1.0
cw3mEMKF,1.0
Tj6SazsB,1.0
jRo9XEPf,1.0
8653tWee,1.0
Fn3m9ApQ,1.0
aYhMGLEW,1.0
E4jxkSFs,1.0
bhzfywFd,1.0
6PTsXjR9,1.0
Tjs3ZA27,1.0
JB2zbc6d,1.0
Vyy7pDKL,1.0
S2ZYnVdC,1.0
NxMRbMLL,1.0
sbTNtgiA,1.0
b7uL8bmK,1.0
jJQHPt3s,1.0
WeYDgx9a,1.0
Z4qpSvC8,1.0
KVjtaSD3,1.0
t2oozE93,1.0
bqFd8VLh,1.0
tLGy4BJG,1.0
S2kJ5vTg,1.0
Zrygs5vw,1.0
q7KBWdPN,1.0
f9YP2jMz,1.0
UYtHr4b7,1.0
3PAf8gsz,1.0
D7aynNif,1.0
qAFobWNY,1.0
e2YpoWan,1.0
4D3Cesbm,1.0
6T6SDhPe,1.0
QPW6nwNo,1.0
hAQKSBFv,1.0
zf37RfsM,1.0
XMQMTEe5,1.0
MyrBYzaX,1.0
VUnvDBHY,1.0
7V29frMu,1.0
7fy3AquV,1.0
atQDtq8s,1.0
QV8nVxPq,1.0
PAbxD7gF,1.0
jzSoaW45,1.0
E4pFieBS,1.0
qw499vrk,1.0
oiSDox8h,1.0
W44GUqPX,1.0
cGQUXKGC,1.0
mFSRLawY,1.0
mbAMrckm,1.0
98vrEr9H,1.0
rQGwPyDo,1.0
9FYFDi8Y,1.0
cWUg2uRW,1.0
KHuRGEVH,1.0
VujpXqLt,1.0
3RduDvVW,1.0
aqtHMez5,1.0
oietSjBj,1.0
Arnmtp9t,1.0
aX69z9Ld,1.0
k53uFMtW,1.0
RoNxHjRe,1.0
eCi5R4mo,1.0
P2Zj7Gsu,1.0
DHyKvRks,1.0
iov4MK8p,1.0
fhS6n9x6,1.0
3n5tcp7f,1.0
ryjwF9jS,1.0
n8QdPPN8,1.0
Eo2zKhN2,1.0
5fTiDWZU,1.0
A3gwYzb7,1.0
M9BuxFHh,1.0
scHaseeT,1.0
EChy3BJi,1.0
XwbRGHGb,1.0
VHmAv8nZ,1.0
YktcRMN3,1.0
EVA4meDy,1.0
d8UdX9TU,1.0
bQ9vaCKR,1.0
EmxMhj6x,1.0
UFkipbLU,1.0
SPRqzNSU,1.0
M8vNCp85,1.0
rpdmN8g3,1.0
qB2ZRSCA,1.0
sYoPd6Au,1.0
EdnuHjQC,1.0
6qMeV78E,1.0
LheRtyBh,1.0
cdnwPVmD,1.0
DD55S6HZ,1.0
hgEZvjKK,1.0
Fv3fSThW,1.0
HEL7dryy,1.0
ZymsxgUN,1.0
o26UXFqN,1.0
cdu5Vwxw,1.0
biMV5oNo,1.0
iFjwqwpW,1.0
dVdWVj6p,1.0
pTVkywBH,1.0
4ctEhfuh,1.0
JaRbJkD3,1.0
huuMUvR7,1.0
oWiw6Tqh,1.0
KEiymAvp,1.0
5TG9wgiF,1.0
83PtLF9V,1.0
qmJDjNHk,1.0
sQBYNUKe,1.0
QDTPBn8X,1.0
mjq9Jy9S,1.0
ACRK4Npo,1.0
7BjbVvEM,1.0
maiXPpzY,1.0
DHGgqHqm,1.0
Q25qCxya,1.0
hktCwbzW,1.0
JFRJzJjG,1.0
8HFr9Me7,1.0
kvhhixpC,1.0
BKoXHyTE,1.0
eSNtWJXw,1.0
fQBQ3m6z,1.0
rZt7KZtV,1.0
Td9TEQ44,1.0
YDTeuV4r,1.0
TqLw7KvE,1.0
DQSVt7pu,1.0
R2KtFPpK,1.0
8bfcJPRX,1.0
ti3qQiE5,1.0
Ko4nBo8p,1.0
VdssLZbx,1.0
nKTEHKtw,1.0
eSMZPjoo,1.0
3BYAhsqt,1.0
4ad7VzeV,1.0
QP3nvWyy,1.0
oia5Y5Rc,1.0
iHWi9dX9,1.0
onD3XwSL,1.0
NuteTDiL,1.0
3sgroJbv,1.0
Y3QsbQCb,1.0
epeTkzVY,1.0
5KiNyugN,1.0
6Ao4CXre,1.0
FYHpYugG,1.0
FnPjaW9f,1.0
VksQqdG2,1.0
BHcCpNu6,1.0
SpmQDcmh,1.0
kuzrwBuB,1.0
kGW3ZHUo,1.0
aAydGcNh,1.0
WnnNpzEr,1.0
WPpWaHSL,1.0
nuAeX4hE,1.0
hEvotfii,1.0
nknq2mBe,1.0
SCqnLFGF,1.0
SSAdLa9E,1.0
iHQwmgGH,1.0
T3wDT78k,1.0
K6h668Bz,1.0
iwxes9Vg,1.0
NtjCdesY,1.0
rNY9Jjwz,1.0
aBqNjs2W,1.0
jp2ZYieM,1.0
eXVhXoBU,1.0
7XKyEunX,1.0
fAFf389W,1.0
kA6eepZz,1.0
dGf8BCNn,1.0
VyCZHbE8,1.0
h73qbjX7,1.0
hoQuVnvt,1.0
cfpenWee,1.0
LpxEa2K8,1.0
ZPNUdNhg,1.0
tqEiHCg3,1.0
b3djnxag,1.0
SJJzbqTF,1.0
ewpRuEE7,1.0
E5eprPku,1.0
57EenSEf,1.0
FYm3ZnE8,1.0
tCakQhkN,1.0
HNzB7dTr,1.0
5h4oeGFM,1.0
UdrnHoNt,1.0
MXLAz3s8,1.0
mcPThVbU,1.0
eCiAed5w,1.0
9UeRVtB9,1.0
XKYUfUxU,1.0
8pXLHkx4,1.0
FuKDgKmR,1.0
aC3QPJKe,1.0
VRWxCMt6,1.0
mKqjPKyw,1.0
mQKezfYC,1.0
33Lpmp9d,1.0
qXFZH7Kv,1.0
bZGjvdtw,1.0
F9hNxxqG,1.0
eYwQp3fe,1.0
afiwA5i7,1.0
9JTGqitL,1.0
LsNYdewk,1.0
sHLYdroD,1.0
qtihSN5Q,1.0
6tNH9YV2,1.0
KL5KRoYc,1.0
b7TKJvT5,1.0
GCYPAtge,1.0
6QPZrjrw,1.0
CVe9XTtj,1.0
nWUF9zer,1.0
Mu3dGd5Z,1.0
i8nSNVWh,1.0
EX6XWpBc,1.0
CnWCFDVG,1.0
pg5PHbDh,1.0
L2q5HcZu,1.0
fJuQdeiW,1.0
i9eEBMoa,1.0
Umf8SZwp,1.0
62Md6Nzp,1.0
CQGxBmhR,1.0
fXXYg3G8,1.0
nxfBrwAT,1.0
RsB5k9yd,1.0
fTz8JQ7f,1.0
EKULFfzz,1.0
Yk6vrDr5,1.0
Bc6QSp9e,1.0
qRU8JYdz,1.0
ihTFLFUh,1.0
nuPbTyni,1.0
9UTBoNTa,1.0
E8Ym6wnD,1.0
QgZ5iKHM,1.0
X7NxXvgE,1.0
87bAtKgJ,1.0
dpfZ8DvB,1.0
U76LkMPh,1.0
7Q4AnnDu,1.0
7wbnBoV7,1.0
DvFBn6LY,1.0
Ua6JN37j,1.0
TqXTuRJW,1.0
aqfdH7nH,1.0
hAfRoRJ7,1.0
HM6PRuTm,1.0
UgdT7f4h,1.0
h6Bp9LBC,1.0
VRuuiBJE,1.0
e37fq69Z,1.0
4p9sTgvF,1.0
MFv8ZG4M,1.0
95bjfuWm,1.0
jPzgojs2,1.0
BbLkkP2J,1.0
Mxtzw26e,1.0
M9YnE396,1.0
easJB3Jq,1.0
NJsCXPBu,1.0
tsmCiQrt,1.0
SV8mqYYz,1.0
3YLvdNSp,1.0
94iwxnQk,1.0
LNj663e2,1.0
3tBuz4Qq,1.0
UZvGrYeD,1.0
iQcwDwpi,1.0
5uTYNCUz,1.0
EqgajUiU,1.0
pzzg2t47,1.0
Kh22dQww,1.0
pxXUSrbe,1.0
7Sbo7kFF,1.0
MxXJD2CP,1.0
KQ5PEKjP,1.0
N3GMXZue,1.0
aJmFTsf7,1.0
PJDqJZB7,1.0
AnZHTeF8,1.0
h4vn8EzB,1.0
gyM56TSc,1.0
W6uALYDX,1.0
MEqSifyD,1.0
KHFg3saa,1.0
3xETFfkk,1.0
L4wNFj32,1.0
hX6Vv33Y,1.0
tkaPyh4G,1.0
JkUMzMTo,1.0
gCafbVef,1.0
aHHnFe8Q,1.0
XtPwGcZK,1.0
Qe9vF8kC,1.0
dFmqVcYX,1.0
WzZWjMAi,1.0
VGgzL2xc,1.0
VFF26VjY,1.0
92GbpCDR,1.0
kbqqrPmr,1.0
VGfWAhKK,1.0
icrwuMfX,1.0
FzXd8QCD,1.0
3pxiiCqB,1.0
U7kgeJxk,1.0
LYfcuxUp,1.0
B5gCHpDe,1.0
P7Twn7cX,1.0
YCAfjiRy,1.0
7NafRbeB,1.0
kwKBrSBA,1.0
qh9XmxDe,1.0
QC58opt4,1.0
VtUkxSkS,1.0
6BWsndnH,1.0
pWNxZFyZ,1.0
Mt26RXXv,1.0
SwbsXyqb,1.0
RgQAe9PN,1.0
ZbuCYQoL,1.0
LfPvUw3Y,1.0
eZSRaQoS,1.0
ZdNrq4MZ,1.0
3btnaCXP,1.0
PvzkzgsH,1.0
nDJ2MuMs,1.0
pZbbmvBD,1.0
UdM9nDbJ,1.0
UzsaUbHG,1.0
soLiDeYf,1.0
jE8YijxD,1.0
KkhucwaR,1.0
QMKS5aFW,1.0
MCi287nG,1.0
GkYonu2k,1.0
RyFegJ2E,1.0
pD9Udso3,1.0
5nV46Q8n,1.0
HvpjdLwP,1.0
aic8MnFY,1.0
Bd23h8C6,1.0
U9mxneNT,1.0
nxPGxicJ,1.0
XFk5ngbR,1.0
PwBYg2QY,1.0
jTueEDRK,1.0
CugRXRcg,1.0
rxEcpysL,1.0
ndA3kig6,1.0
6RxriAr5,1.0
WCMWSDcz,1.0
DMLz7dsZ,1.0
RLcDnnE2,1.0
k8MNdcpF,1.0
QnZbUAgp,1.0
6hkCYNYY,1.0
PfcdKX36,1.0
nuPbgRBy,1.0
DcSLkWRq,1.0
AoQXCbzE,1.0
NC5ffuN8,1.0
Anu4GwjL,1.0
rmT3AG4j,1.0
KrjwLZ2D,1.0
CM82YApN,1.0
8tZM5rMA,1.0
QhW46UuN,1.0
L4f4jh4g,1.0
7q9ogh3V,1.0
jVskKfqH,1.0
dyvGKse3,1.0
35upaefE,1.0
GxadrJHb,1.0
Q4LbTKM4,1.0
BDEyqxho,1.0
KFpCFgDF,1.0
km48p7Gh,1.0
TNm67zuh,1.0
4qMpRJ4K,1.0
HcMyrskn,1.0
GSBBdgwU,1.0
Jsf5wrtU,1.0
4KcynNyu,1.0
rq6apbii,1.0
UNqVGPBT,1.0
5wMNibk2,1.0
EhPsQavb,1.0
QveiLSZn,1.0
cBPMDXpp,1.0
7Kcb2DtG,1.0
c894JCsh,1.0
VMkzeryj,1.0
9iyH9mMz,1.0
RyqymXCG,1.0
YuSxjaJN,1.0
sKoTtKzK,1.0
YkqpZndH,1.0
KCsh9Qu7,1.0
GCNEsH2A,1.0
5pJ4Pkg5,1.0
Uu7CYLJj,1.0
fKg3fFok,1.0
C5p8Cs8b,1.0
BFPaKMSQ,1.0
pyaWUupV,1.0
VaYryPqU,1.0
8B53kP24,1.0
KP3y8uM2,1.0
paQfymhP,1.0
Z5zrjXFt,1.0
CRDnvqzS,1.0
VY47d4wC,1.0
aXhBY4J5,1.0
Nv9LTuZg,1.0
sMkhv4qb,1.0
NZTjmUzH,1.0
WpDiT7iY,1.0
hNFCoLX8,1.0
qjAPoVft,1.0
8XtyqXKW,1.0
q4oLwh3d,1.0
7xgKHjNU,1.0
Kc75dG8k,1.0
isdQH29p,1.0
YQyhDjXb,1.0
Mo5doKVq,1.0
soMaaUG7,1.0
EcnER3iw,1.0
kwWPs8WP,1.0
WZua2Jjy,1.0
eCzdQzWn,1.0
tS2PZNzf,1.0
emNFeqZc,1.0
YoLgcFiy,1.0
Kat9gG73,1.0
kc9reJDj,1.0
USCwm64t,1.0
hn7VcBgR,1.0
bco64o4g,1.0
N9gqp4Sq,1.0
zysedcmZ,1.0
Mfwjyyx3,1.0
tmEYrkDM,1.0
LtC8pC57,1.0
3pmwGRM8,1.0
88LkLo4B,1.0
b9NwJryH,1.0
dcUonD3S,1.0
R4chMMEE,1.0
VyrqjYEQ,1.0
ovaKsDDm,1.0
XoYdNzGE,1.0
LRyh8jbN,1.0
WTUB2uMr,1.0
gWSqwKRR,1.0
cSbUnrAG,1.0
N3HNQhQR,1.0
Bgky4nU3,1.0
4DJGLRJi,1.0
4rq4y9Tk,1.0
ZtcCzmPs,1.0
qWfNgeuQ,1.0
tgNQzgr7,1.0
ALYwqWvA,1.0
8rDUMp7D,1.0
jfxh9CMQ,1.0
qn8N622z,1.0
r73ak7sD,1.0
XCUeabBD,1.0
R4hWPonR,1.0
hHUZPgBb,1.0
Bfacxnth,1.0
7ULrM8Hy,1.0
niNjuzPW,1.0
ByEpSYvG,1.0
n7vqu2TM,1.0
DgfUZe2r,1.0
4kuuHyuY,1.0
ayGNhGuE,1.0
jfLDsWi7,1.0
djytezDN,1.0
e575WP3d,1.0
mXmAmsbP,1.0
GZ8JpDvx,1.0
U42zsiyA,1.0
c93CDrGZ,1.0
9iGxigjD,1.0
RA3CrF4P,1.0
NAELJ283,1.0
MQbMavNV,1.0
5ZXNUUQH,1.0
rHbHjWgp,1.0
TuBmGwF7,1.0
7vBEfTwg,1.0
aLKNiz79,1.0
ttQ37Y3t,1.0
WJ2rfN78,1.0
q4KPFEAS,1.0
SPxpynXb,1.0
qvLDHJHD,1.0
5HcknGBd,1.0
d74NER8V,1.0
Na8ZPE5y,1.0
E5Ru5tVM,1.0
bPUhDRcj,1.0
B96xMfxu,1.0
F3ohv4rX,1.0
JkPF3U9T,1.0
3oauZZzK,1.0
aXSmwnrE,1.0
Dsk9iQEj,1.0
SccSMH3J,1.0
gccTsNh7,1.0
qZD59g7a,1.0
UeYbaM6R,1.0
sfNCzpPg,1.0
pNmhmAZ6,1.0
mruGLPCB,1.0
m7vYaUsG,1.0
YmqxyCUr,1.0
gRV7da8p,1.0
cSM8TBeG,1.0
63a47bDd,1.0
GnNRXgWU,1.0
UoZ8jQX9,1.0
8ZKLf5rt,1.0
r9XoH2xr,1.0
BhPCMdML,1.0
WBpQFGhj,1.0
62TUyfF5,1.0
mb8fqSZC,1.0
8wCQm6er,1.0
SK4HdFZJ,1.0
rSsyHAVv,1.0
DPxC2Hwt,1.0
5XBAwCdW,1.0
ZfEqMsr8,1.0
U38XzdRP,1.0
ADx8rwAz,1.0
ekvsvaqV,1.0
sckD9r5q,1.0
GS9EeF86,1.0
BNA7JJig,1.0
ADrRtTcY,1.0
gQNrCAFS,1.0
gDFDEjpg,1.0
FKijMLZg,1.0
Bj6qcGjd,1.0
ZSqqgmwH,1.0
iH5HXuLY,1.0
epr5Y8Kc,1.0
hPSpJzfr,1.0
V7Jgg7nJ,1.0
fhunnxqs,1.0
nSS2KHn6,1.0
cAa7Wohx,1.0
kqaiYKP9,1.0
riKn2TNH,1.0
HcQEGBpC,1.0
nNyKJJFX,1.0
T2T6LoWa,1.0
rWXP73gc,1.0
7NNZEWLQ,1.0
S2Qf2oGC,1.0
XCDoft4v,1.0
MEsqmgJH,1.0
VHSfxvub,1.0
poRcXi63,1.0
VusEe2aQ,1.0
mg86UfEW,1.0
khy6Uqks,1.0
K2rEuQ2K,1.0
YrrbeZ8E,1.0
N8rn5cXd,1.0
amn9rpyj,1.0
hZUfb58d,1.0
eDYPkS85,1.0
mhiytcSE,1.0
hVtU97qs,1.0
q5jJzSmT,1.0
Aq6ZYank,1.0
NvhsDdLm,1.0
GQhbgaSF,1.0
ex5nPhtb,1.0
UWLfRAyz,1.0
UDDGYNJQ,1.0
Nsn8THd3,1.0
ivpLaHvz,1.0
8yZjULdi,1.0
aLiLYUcn,1.0
qrPusby9,1.0
RPwPUMyt,1.0
naRtP5JM,1.0
aNz9PRov,1.0
eQLAqKSH,1.0
asqxUUBj,1.0
PJGWUmGg,1.0
ptsAKWDL,1.0
8VbGVVz2,1.0
QxajzhMi,1.0
c98fJh9D,1.0
nj5B7iQV,1.0
hLyyYqzF,1.0
AJxV5CKK,1.0
nAmR8YCy,1.0
eq6BCGXe,1.0
tD7iDiD5,1.0
FtQSDtQB,1.0
7d75mv6T,1.0
d3RE2pon,1.0
S9G8Jwir,1.0
ifoNe3Ao,1.0
opxvozMA,1.0
CPobhb2U,1.0
H7Y3b8tf,1.0
TMWyvmnu,1.0
Bv2wtzTx,1.0
Nkdo6ddE,1.0
g2Kj3Xvf,1.0
DAEkT3CH,1.0
KmJNEmYx,1.0
kAyvVBE6,1.0
7EKMRsf5,1.0
r4yja7xm,1.0
mGeSQprm,1.0
irUkzGcb,1.0
527PFGL7,1.0
AC8KQ83u,1.0
qxGDMWfn,1.0
9VfTqZi8,1.0
7pCXRmDs,1.0
44BLcG4V,1.0
mDihc3cU,1.0
MxNAVdPr,1.0
nDVMGxRZ,1.0
CPpEE6CM,1.0
cWNFtUKx,1.0
BSTrLLzE,1.0
n2dxoagL,1.0
7X8JQgm9,1.0
FmmMHxnc,1.0
A9xhjmV2,1.0
sHpsBu7N,1.0
oWcuQkoc,1.0
eS5iSQVy,1.0
647XkUo4,1.0
7s9AXonk,1.0
8YyApUTa,1.0
PMtZYMd3,1.0
8qzWNh9t,1.0
Gx523MgY,1.0
4uUAcRnx,1.0
hxe2RcMJ,1.0
CmQmJomg,1.0
AfLgBEzR,1.0
gt6ZZYAc,1.0
WX3txBp6,1.0
jU35DbtH,1.0
hGGd5gSs,1.0
GFMmDU4h,1.0
eLoYAPaS,1.0
gUq62XDs,1.0
aQgZVtYV,1.0
5jrvUFZL,1.0
HdUtCJUz,1.0
H78z4mmv,1.0
7TzJ3PWh,1.0
UNm39opb,1.0
WuZDh3J7,1.0
FA3AKmxk,1.0
bQVRJLrV,1.0
AGSMq2Bx,1.0
tWxaaFck,1.0
PPrv2NFC,1.0
hQToYC6Y,1.0
DkkbwggF,1.0
rMPvDBsJ,1.0
XefQ2F9q,1.0
3eRwUx6M,1.0
NtQXcYMK,1.0
ggFHbj93,1.0
YUVCmMec,1.0
kWx86FdZ,1.0
ZSFBg8G6,1.0
snyHDjRU,1.0
Z9BPfWJb,1.0
esm49kFw,1.0
WfQDVJjd,1.0
TcS7g48B,1.0
NDePZcuT,1.0
k4JcFsLN,1.0
EgoQtM88,1.0
UG9Q5xNg,1.0
PuHpc7Gz,1.0
tV3ARsPB,1.0
Z54BaTM5,1.0
omW2cKUE,1.0
rUtsJU2o,1.0
53YzgMCR,1.0
hQMSN5tm,1.0
RyyEHHLv,1.0
5E3wyYQR,1.0
3uMEoRvY,1.0
A3ghHU4Q,1.0
YCHgdeLY,1.0
4hAV8WWx,1.0
g6baXA3w,1.0
tKwSAq6i,1.0
HKKipxCD,1.0
cHgvc7aa,1.0
DXJNhwnK,1.0
MoNNd3ar,1.0
i3gvqz5Z,1.0
BngHRS4f,1.0
RdU6yPAJ,1.0
VxiAFQFa,1.0
9KFy43R3,1.0
RoyVvxD6,1.0
KqL3ABos,1.0
KinDKRJX,1.0
7iNfs7eP,1.0
d92ggmp7,1.0
ibcTiRk4,1.0
G4cXVrFd,1.0
JRWBfN8y,1.0
YKMvmFZr,1.0
BBUSaN7b,1.0
G369CCcQ,1.0
L3BGfmMB,1.0
JxKsib6M,1.0
eZvGnpK8,1.0
QKXgy4gD,1.0
ULvgy8DF,1.0
VEqBo7Fg,1.0
mF7kGaKA,1.0
Kb3DnD8y,1.0
385g9p8t,1.0
ENGssYkA,1.0
hJYSsjJ2,1.0
sfNEWPB2,1.0
sGqDMn3L,1.0
KLZTwJ2a,1.0
DZezwDbN,1.0
RPNtCUbP,1.0
9dX9Srg6,1.0
ftP2nLTD,1.0
4b6jkQjS,1.0
e3A77yTo,1.0
mjCCjtzj,1.0
dvHTtA7N,1.0
dtP9kuUL,1.0
cfE3heeU,1.0
KTX6tJQ8,1.0
5vTyaeLt,1.0
qutmqLjV,1.0
oSnYkZun,1.0
fv78ZDVS,1.0
QhSuHoMG,1.0
VqXwLYhc,1.0
hFoEUHQz,1.0
pnexLfBj,1.0
QdPXww6t,1.0
P7R6ZW8y,1.0
dhx4UxKS,1.0
trKgQgeh,1.0
4pkL2HFu,1.0
iDSeCFzC,1.0
jqZ8BciA,1.0
eUCp4YLk,1.0
KuJmLRWc,1.0
84CYPo36,1.0
PcPVMQAA,1.0
bGM2HcHF,1.0
nWc5VudK,1.0
8PnPUvN7,1.0
Knc6cweD,1.0
49fqwUnr,1.0
t3aDFH7m,1.0
dvKu6CrC,1.0
d4hFWzCq,1.0
iNGjDLTg,1.0
n8ywChwp,1.0
hjVLpqX4,1.0
AmsSAHJ3,1.0
EE8bTe6K,1.0
bUqwUv8r,1.0
GeUcs8xo,1.0
nRhS6Q6k,1.0
EEmjBc7R,1.0
Tzn77LyX,1.0
r5ZcLLxY,1.0
daVEWAjT,1.0
jz8Liq4Z,1.0
skU23etQ,1.0
hPwBdSwb,1.0
AfVHCzfV,1.0
eVYh9Edd,1.0
muXD5i34,1.0
pQ5fJmCv,1.0
NeAJWR8X,1.0
m2zm65Me,1.0
pBwXp4TY,1.0
itcwoaSz,1.0
dbVr9W3W,1.0
P3pNTwBA,1.0
CHhHK3qQ,1.0
gyYdeLay,1.0
TNiJgVcW,1.0
mbh3rF7h,1.0
Jrn6MNFn,1.0
rxzpdisi,1.0
XQQQn7Lq,1.0
c3YqZHcS,1.0
pBWTksK4,1.0
kCAGmRmn,1.0
B3Ed6Sty,1.0
XDTMGQBb,1.0
ZsBQjrL3,1.0
bjpxeYG9,1.0
Q3fu5tFF,1.0
pSHuuYjU,1.0
Zinqb5MK,1.0
6AdBnrig,1.0
jGBdxXte,1.0
SBNoCbZu,1.0
gcWziBG8,1.0
cgSnigMu,1.0
Q52ykhMv,1.0
JQujbDPU,1.0
Fp3f5F3n,1.0
U7J4CuYn,1.0
Y7gsFUw4,1.0
ayKjEruB,1.0
RTPB8Xyi,1.0
5L7YzgXw,1.0
7JBCxH9Z,1.0
qL8dDu44,1.0
8p5sikrR,1.0
Wkr7BPpe,1.0
3Zbw48XA,1.0
PMYV7abT,1.0
SNrQ5rn5,1.0
sQ5KBz56,1.0
Zd9Jo6YH,1.0
iqLC5eaG,1.0
pKP3Bgfg,1.0
dmcAhbdP,1.0
8RbWggRs,1.0
pTiMUDV6,1.0
8bc9Vk9g,1.0
M2jRdb4T,1.0
FdhL5P22,1.0
nigrQtBx,1.0
6sGMEcUr,1.0
H6w7q6T2,1.0
USM29CQx,1.0
j4NuprKZ,1.0
Nnagj3Tb,1.0
fLGVpiqA,1.0
C5ZXeyJP,1.0
rgQr5t9v,1.0
FHBoCTxX,1.0
kzN26r2A,1.0
nfxBZ43X,1.0
qqLGDrt6,1.0
4PX3j6Jk,1.0
q6bkznEm,1.0
WFM8unDt,1.0
CKMmSHNi,1.0
aAnsSci5,1.0
jDxyv8iR,1.0
WBufHHt3,1.0
DXB8mZhD,1.0
XEcjCaU7,1.0
iVhjyGuZ,1.0
ewVsVLjT,1.0
TfZdr6i2,1.0
QhFrAfrS,1.0
4dVWzZsu,1.0
h7jWrmQR,1.0
Xdgyazr5,1.0
s8qnVHRr,1.0
S9GGSGAN,1.0
6Qb7WQwN,1.0
RcAc8TYg,1.0
RVWGwvcd,1.0
tiZuccyf,1.0
69CfqEnc,1.0
M5urLZt3,1.0
hLEHfpXt,1.0
p4vB5TAC,1.0
evxpdCUN,1.0
RM4F8zCf,1.0
UYwrMYGR,1.0
F67F4efS,1.0
9SPtmzrr,1.0
jHX76Sdo,1.0
RvRgDxqj,1.0
dGrBQMpU,1.0
Ggdrupwt,1.0
hGMvDjLi,1.0
o6zaZNjQ,1.0
ktE9Xoy7,1.0
HqZnK2TF,1.0
LGLmGZhu,1.0
ThU2coU8,1.0
GQSw8rLT,1.0
mBFChhL2,1.0
o3VHyrcv,1.0
cfFWtT6K,1.0
SBAa6Rxw,1.0
8dEVv38q,1.0
kmiQCDmb,1.0
M7jK9MZF,1.0
b8sZXScK,1.0
aK7Vszag,1.0
9gGcRcGp,1.0
dfz9gh78,1.0
gRfXXTCs,1.0
gBpiWxqc,1.0
bQiuwby2,1.0
AyewFofX,1.0
CJpmuW5j,1.0
sFPygPtD,1.0
7kV4cNxH,1.0
3QJEXKq5,1.0
QHvC48DK,1.0
mzSjr3xL,1.0
o7a5w3V4,1.0
kTqDS5km,1.0
STxjTAvZ,1.0
JCZ2GcwX,1.0
nS3yEZHA,1.0
hBvrJS8J,1.0
sjSndZ93,1.0
oy8FQy2D,1.0
Bksfd3R2,1.0
gLA9Gfy4,1.0
8vm23KRd,1.0
AbiWTppp,1.0
7ETWpmMj,1.0
VHhAEfy6,1.0
Gh9p384a,1.0
Em5zH7SF,1.0
pWcuAmuk,1.0
FASHqbaP,1.0
dwda7EHx,1.0
Psjrgu3j,1.0
j9a7QqiS,1.0
hcLLgyMi,1.0
mL25kvWS,1.0
q9TUBsfu,1.0
iS5Ftv5v,1.0
SagLcbAt,1.0
CWwZM8Jv,1.0
NTCDxxn6,1.0
rNCWkKso,1.0
ar77G3p8,1.0
BT2FAMr8,1.0
juFYSnwx,1.0
nKJis9CY,1.0
gqiwokSR,1.0
SHBgC5pk,1.0
ZgtcCDNe,1.0
kZ9vuBCR,1.0
bXZnT5Yn,1.0
fytJy7Zh,1.0
t3QE2MFW,1.0
dykr5Ukf,1.0
DaNY6gH6,1.0
iywcyTNi,1.0
83RURpqP,1.0
kuqxm7qj,1.0
BzJMapxd,1.0
3B6P3t2U,1.0
XbvVRDiD,1.0
duRbfFvZ,1.0
kx6aE8fK,1.0
oytbjCZj,1.0
6ggG4mrZ,1.0
TNY8wB95,1.0
ZkvF77eJ,1.0
WWS58Fzx,1.0
cTy6y82A,1.0
pRsa249G,1.0
mUQ4cf4Y,1.0
473u3wLF,1.0
mT738jpt,1.0
9enwm9Xp,1.0
k2F2Shkp,1.0
55d95hdp,1.0
nxepQ3XQ,1.0
84vCz8HN,1.0
CEui23m5,1.0
XyzVEKCr,1.0
AKfQEhLD,1.0
Y3ZkytND,1.0
SxRxPzKD,1.0
JAH3rDMV,1.0
UEu9ETAE,1.0
TNpQfTvx,1.0
b6NT4p2w,1.0
5qaKRBHr,1.0
YbXmFxem,1.0
nzdMZJmz,1.0
cyG75xis,1.0
mZvaZHgg,1.0
TcFPe3jz,1.0
XU9uiKMY,1.0
o5seHVN2,1.0
Ujm57tnd,1.0
hVChoVZq,1.0
cBedu2WY,1.0
4y2LQPx3,1.0
8Ao8JveU,1.0
q9QMHrnW,1.0
RLBRHqXT,1.0
dNxkLWox,1.0
RzHMAhMy,1.0
R3cLUP3R,1.0
ReoCpLHo,1.0
F2H6QGks,1.0
67LjuSJ3,1.0
7fFbFXwf,1.0
AMo6xMPv,1.0
GzMV6LUj,1.0
ee9PEzVM,1.0
FhrgRjtK,1.0
L2Rgk55n,1.0
Q6u8f6FE,1.0
ZCcuY2V6,1.0
sPQsWJJk,1.0
bL3CPqcQ,1.0
dV7aA5gU,1.0
atbhHHjM,1.0
BbLZpLgu,1.0
jh5SDYZw,1.0
GgMj2baX,1.0
JvbYnkYc,1.0
5c6fMeUW,1.0
HWEUDNoD,1.0
Gg4bczmX,1.0
pGQJVzGX,1.0
ddJKieCa,1.0
RdjwisXH,1.0
JLQ2Wrpx,1.0
8WkKuUgn,1.0
63XG4vfe,1.0
WDR8AdK2,1.0
arzKjyaN,1.0
DVmYtJGH,1.0
Q3boiVj9,1.0
8WWAzNxE,1.0
drDZnxRW,1.0
eJsxnGkA,1.0
inhUXnjL,1.0
JFBGGmi2,1.0
jmqSxGJN,1.0
khhdVVmD,1.0
bFxmMqAb,1.0
4zKsUHYj,1.0
LSK8te2p,1.0
6SaK2tVs,1.0
nChxjbzx,1.0
CM6piWq7,1.0
5Mswx4vu,1.0
JNxJQDpS,1.0
bggTygCY,1.0
cmZ32kH8,1.0
SJXtF4nE,1.0
MyysX4CA,1.0
NrTA5rJa,1.0
kmd9rz53,1.0
XDKLvyjc,1.0
Z3mPfL8S,1.0
kJXWnBy8,1.0
t7yTujAp,1.0
iZEpFLbw,1.0
hR6Xk7Q8,1.0
KqqKSmPr,1.0
rsbew45C,1.0
9Rfyv8Le,1.0
raDExAVp,1.0
pCqtBRNw,1.0
YbnHj8od,1.0
sxyGyyEq,1.0
BqtNigYU,1.0
ckxPi3x8,1.0
Pj9NZkwQ,1.0
AViSfcWV,1.0
hEMu49gA,1.0
qD5TfZ4y,1.0
cLbZ4DFH,1.0
aQi3sjSg,1.0
dN8ubhcu,1.0
H7pByR3r,1.0
oz5a57ot,1.0
VqDDWfUK,1.0
bCR2oRJj,1.0
AsshLu3j,1.0
XLxk7J8W,1.0
Mhh2VNSY,1.0
EiRVSTTH,1.0
4mvJycGW,1.0
UmgrcKaX,1.0
CB5b56cd,1.0
nXgLrRYy,1.0
Tzm9pHmw,1.0
W35tqohM,1.0
NbkJzK7k,1.0
SU2UKJCY,1.0
5yehHJfB,1.0
SF7Roz56,1.0
FyHzzadG,1.0
fDFk6CAK,1.0
4HC77Yc8,1.0
iPriQnbU,1.0
fitavTfK,1.0
hPSKoAvD,1.0
rECaou22,1.0
3XwryAGU,1.0
EVFy9GyQ,1.0
bSS2PR5V,1.0
diy7xjrb,1.0
FnoKYbUq,1.0
XrQRbcxL,1.0
meDm8wq9,1.0
CFx73qZa,1.0
incqZ6Um,1.0
gfxPsduw,1.0
Q4ueNeEv,1.0
MeNiqkMN,1.0
rB7PqYtZ,1.0
BYtA5mXV,1.0
LpGiY3rq,1.0
8tvkFMdX,1.0
hQr5rXSS,1.0
Ck7QW7pU,1.0
i5zZFtJ4,1.0
Dp7JH3Ny,1.0
7LVWr5qH,1.0
ZWtySXqF,1.0
pdjUt444,1.0
NcTb2DDC,1.0
rmEZzTek,1.0
pa4GMQpu,1.0
SRitXGS2,1.0
VYZ5eRSu,1.0
SDsTXPUQ,1.0
6YpaoY2t,1.0
tFCFNBAF,1.0
hbB7Pr8v,1.0
5AL2umDW,1.0
FnWrgkcr,1.0
SutyXk39,1.0
RtvBJhQ8,1.0
MgtMT4vy,1.0
BMJRLtRE,1.0
HRc95tHi,1.0
gxyC93U3,1.0
9cxvzBbr,1.0
QNkXKFEi,1.0
m5Uk2Buy,1.0
g9pGoZtz,1.0
UZsAU5rE,1.0
jNtEj3jS,1.0
7RVqY2Hj,1.0
AXb3rpDe,1.0
MycHmtPd,1.0
Dh9p4V9d,1.0
LgViQuat,1.0
somfWYYv,1.0
se99ZK4T,1.0
iWQXFvD9,1.0
U3eWXvYq,1.0
Hm8yq2Kc,1.0
MSJZjZhC,1.0
nNpAePxo,1.0
5s3oWfvS,1.0
vLbfyGA7,1.0
WrexcZSH,1.0
TDa7d38L,1.0
RrvPNCwj,1.0
m624DnqV,1.0
CKaztbfS,1.0
dezGczWq,1.0
aKWvKrW5,1.0
RU23pgNZ,1.0
VqahNSfr,1.0
5RG6LgqK,1.0
9WLkzVA4,1.0
tamTrpDh,1.0
HqMahNYe,1.0
UNsQPV7L,1.0
GzujuAGR,1.0
kJXR2sa9,1.0
ZEQAqQGi,1.0
CUdYHrsS,1.0
fViUE7Kp,1.0
Q7DFc45k,1.0
BxwLBEku,1.0
DY5B8ofC,1.0
mzGy93xT,1.0
UFSQjrJt,1.0
K7Na9MHW,1.0
RWr7Z8ZG,1.0
N9jJ56xK,1.0
cYKMeoE6,1.0
UENDCyha,1.0
Vn6xbgMU,1.0
KAvkiEpN,1.0
3wPs3SdP,1.0
USjC8irg,1.0
iWZukVfc,1.0
SSkCTLFk,1.0
p7wKWLgg,1.0
eeFBRuXo,1.0
YTyXUhW3,1.0
sGDBnhKw,1.0
Nn9Ms26T,1.0
66mXzKL9,1.0
QTu6LKyz,1.0
5d4Pt7QU,1.0
reqBd9wr,1.0
P46Ktr22,1.0
W6iV5qtW,1.0
ixoixtxC,1.0
LPeisnPF,1.0
k53aS5Rp,1.0
rxojbF8u,1.0
fqjqWepE,1.0
T2UXBzxa,1.0
56v6NRJm,1.0
3uRYYmxb,1.0
fFfyUzpM,1.0
jKKmtzt6,1.0
5EWfTaoL,1.0
RtPCyE7L,1.0
mqvmvqGB,1.0
Mn2UPk9b,1.0
FNe5UvkD,1.0
t4sdvyXk,1.0
ZBDvd8z5,1.0
8NzpGyuY,1.0
MNFiW6Vc,1.0
CUA7M88Q,1.0
D9WVqCuj,1.0
fzxeyuUa,1.0
cg6e2LNH,1.0
pShnxcjS,1.0
Pux2So3c,1.0
qS8myKGo,1.0
grno2ADT,1.0
tZSgdpx6,1.0
TPBmTRbv,1.0
T5rpKJ98,1.0
UHb2RqNS,1.0
o5d9tqxV,1.0
NobpthLf,1.0
MRHzPU9o,1.0
H7YGekPu,1.0
PGdfDoVU,1.0
tGPww2SF,1.0
rCxhcVBL,1.0
mFhv3Dm6,1.0
4tHfPCNc,1.0
HkmHhrzr,1.0
hBR599z6,1.0
cMqTGGNm,1.0
iBdXupvE,1.0
EcrPkL3i,1.0
8JgH3fDV,1.0
KrDqQ83e,1.0
mAPH6DHb,1.0
GimDAsBZ,1.0
BgyoJrAv,1.0
K6UdP8fT,1.0
YAD5Gt4A,1.0
dV87zaqU,1.0
fG2ZkW6y,1.0
ZH7CFbgV,1.0
FwVcqJoy,1.0
euGjDfFT,1.0
kJhJWWqy,1.0
PFpAYVvd,1.0
myU4oXBv,1.0
Hwuj2twg,1.0
7Ajm4Cng,1.0
KneWVSfz,1.0
QYdzvysy,1.0
42KgFcK8,1.0
WKznEabH,1.0
iXgrxyu8,1.0
8AQuRrss,1.0
K2VNFLFz,1.0
HxJcQM9d,1.0
ePF9jX8s,1.0
jmYxsdxd,1.0
SBJ4zQn9,1.0
UsCXP9fD,1.0
ak8EGT7r,1.0
L8LFE8tn,1.0
E3NsVj9R,1.0
QE9nDvra,1.0
hfpzGWWy,1.0
JnVdtaAP,1.0
Sa3gsBKs,1.0
RjWpeBMZ,1.0
W79N2Dvx,1.0
3nE8CTEm,1.0
3FWcM6ee,1.0
QiGrfsAB,1.0
ZXNBuFKK,1.0
XNRezSeL,1.0
87X7MnqR,1.0
fUnQbPdz,1.0
rhnnijKf,1.0
PjTS2QJU,1.0
eDsKQ7t7,1.0
AysL9bme,1.0
9i6G6aaT,1.0
K8Dmgiaw,1.0
CVvKSfY8,1.0
FgF6dm7R,1.0
eWaYQAEe,1.0
rGmzsT77,1.0
FPehx96p,1.0
7VJfLE8e,1.0
tSjqnS4y,1.0
nn8aDJYw,1.0
PAWHGhHM,1.0
8rArZ8DE,1.0
V7akG8zj,1.0
sAW4Eafn,1.0
Xo4o23z9,1.0
dv5HFGwv,1.0
TtjhS3p8,1.0
PSenq7N4,1.0
iwfGWT5R,1.0
EEwqAKaN,1.0
sQesa4zV,1.0
cdUMzEPX,1.0
HjrU2LjJ,1.0
otxjmpU6,1.0
Sa7FBhCA,1.0
oifFVd52,1.0
AXo3sbhG,1.0
asBv4WCV,1.0
bPBdwT9N,1.0
9MjhBCvq,1.0
Forgu9yg,1.0
YVYxaatS,1.0
jtaezAz7,1.0
pweQw9zN,1.0
Cx9yeosi,1.0
j6WyiNh5,1.0
quKBNUYk,1.0
q5r9fGCm,1.0
VAHnVwN6,1.0
eY9Ys4r7,1.0
qmXgzaQX,1.0
W4MMru2e,1.0
fvhPCpmB,1.0
5qSCmt75,1.0
95iGHHjw,1.0
DnzpEmyC,1.0
Uq6QLyj3,1.0
X8rj5YQE,1.0
Kd74oKNd,1.0
TjShYHyC,1.0
qhwRRWgs,1.0
TchxLoTH,1.0
rCyqSD5D,1.0
8e67Dh2D,1.0
cW9td2vJ,1.0
Ct8ZXxv8,1.0
fVSGaJNh,1.0
M9XUekx4,1.0
Zmo6Xuxi,1.0
iPGQqZrp,1.0
qXmqDby2,1.0
AqoGeHWA,1.0
mga62CaH,1.0
rKJ5jY3z,1.0
p2aGPpGY,1.0
fVd4X2F8,1.0
WBTwwJwU,1.0
V2knnyER,1.0
hXzSnWCW,1.0
QZnfRnDQ,1.0
hcAnHXZD,1.0
jmH5FdST,1.0
mLv2p8c7,1.0
UqrFG6Dn,1.0
D5vEPxS7,1.0
C8KPULyU,1.0
iEJ2mXiP,1.0
pBsZgBdk,1.0
FFqM7otc,1.0
9Uktix39,1.0
sFD9cqaP,1.0
m6XTjKUx,1.0
mhVtuLyE,1.0
4JkS7WVi,1.0
kfHhjTMf,1.0
nZjZtnxM,1.0
MPUvUPHj,1.0
LcWrcmKC,1.0
VEtSSkPs,1.0
4Rtq4jpi,1.0
jNCNonPz,1.0
8SwvufQp,1.0
hWs3R9Jw,1.0
immYBCEJ,1.0
547esrf6,1.0
ijh2RXDh,1.0
Amsxqtoy,1.0
cpmd9RPC,1.0
sC8Tg2cN,1.0
qNozCLWD,1.0
3zrGh2xH,1.0
Tqqs8Dt3,1.0
9nBDU89G,1.0
aLhvTZZG,1.0
dMeS3ZFz,1.0
j4Jjpg8w,1.0
B9A59HTt,1.0
As9sWdrv,1.0
bWWcBQkc,1.0
igXVgjN8,1.0
ZVWqLugo,1.0
nRsb4qCd,1.0
BbBqeVhs,1.0
mDMwUzgr,1.0
AKFCsvR5,1.0
HcPoHbbf,1.0
ieWssV4f,1.0
t3pd8the,1.0
GUVS2yKZ,1.0
LUyotUXj,1.0
FuveZ4vP,1.0
nsyRptYM,1.0
YLN6Z9aU,1.0
cgoY2s7Q,1.0
Cxo9eSa5,1.0
VvYawPgP,1.0
oSCCRJYz,1.0
qVcDKSUb,1.0
ZBBkPTt9,1.0
MqWHVhwK,1.0
o6qRT5tJ,1.0
oFvr2Kov,1.0
L6W9d4qS,1.0
YMFKdFm3,1.0
i9zC3sjX,1.0
m8dSuGKm,1.0
SWza2Wgt,1.0
HAJtcT5b,1.0
KxEnYX8s,1.0
SKERqcLb,1.0
aTutunJG,1.0
4sSc7JyH,1.0
aweQcCwd,1.0
Xr6CcXWq,1.0
4jkJSsxw,1.0
RLKU9U2s,1.0
QE5XtqHG,1.0
DG4Fio2F,1.0
SzB9eR3v,1.0
fKPss6Po,1.0
GNGmnGcw,1.0
oeVrb5NS,1.0
sYjnLm45,1.0
WcZUdwKM,1.0
9ibQZ7zc,1.0
hZZdWfFC,1.0
62PafYJ4,1.0
hYvKMsB7,1.0
Z9geGETN,1.0
JCqUpyob,1.0
S6bXhi8U,1.0
gcDnL9PQ,1.0
RhgvePJF,1.0
iACS94HR,1.0
gbeGiv5D,1.0
7DnXsmtg,1.0
NzjN285h,1.0
EzgvtNrN,1.0
cZwWYrRN,1.0
tNd8C5eK,1.0
WAjcZDqb,1.0
rjEiwK74,1.0
ro5RAzau,1.0
9YcntyWi,1.0
4Nw6X5D7,1.0
qiEGBFSd,1.0
hpGF9vzw,1.0
TE7M8SnP,1.0
bz7Skku3,1.0
HCmMzJFM,1.0
nJRayA33,1.0
CN3VuwVz,1.0
tTd6T7Fu,1.0
kFcP9xWc,1.0
TqgQfjvH,1.0
kY2CTunv,1.0
es5aBRH8,1.0
Swzkzfvn,1.0
MzAL9ozc,1.0
XuPwHZTm,1.0
HwQJwAQ6,1.0
ZDSqyCJA,1.0
KtfH4ee3,1.0
g6AC4uz6,1.0
mZaVydHi,1.0
KKTCEG2c,1.0
YRCrFbZw,1.0
idACt8kq,1.0
gHk3vsqb,1.0
aVqYAFMs,1.0
nVydW3uK,1.0
7jJjqaRw,1.0
K7Z8H6Z7,1.0
XWuHE5Rr,1.0
CtXxZhyh,1.0
GNazt9of,1.0
GEqrpyWJ,1.0
bovDAgVo,1.0
jigVqYpX,1.0
kXQ5VLwU,1.0
jiHzFxLv,1.0
riZ5bj2V,1.0
DXHEeSRk,1.0
PuqRgkLD,1.0
qKdTcukC,1.0
58xwmyEB,1.0
hP6ELUWq,1.0
pKmD3SeK,1.0
TsCbHNj6,1.0
9JVuNq49,1.0
nhJJw4CK,1.0
6ijc8J9z,1.0
AaqSoDGz,1.0
cosZhPzS,1.0
8zVqejcU,1.0
K4hybmAY,1.0
eR8sReNx,1.0
t4VAx5Jv,1.0
46qMmXyU,1.0
KpVcm8Nq,1.0
ftpcPB8j,1.0
XTee3ADx,1.0
fxcwcLqK,1.0
UTCcfCNS,1.0
pCBfST9a,1.0
48BxKH3b,1.0
VN2SM3G3,1.0
Wppc8i7a,1.0
MoJoWDKM,1.0
t2nMkEpP,1.0
fEj4HpR8,1.0
ExAwNKGG,1.0
h3Kz6x9a,1.0
65MA3hLR,1.0
9DpJR4JG,1.0
FyRyektc,1.0
hmDwPcWX,1.0
cQaENHdN,1.0
8JP7Y45m,1.0
mzCatbVM,1.0
GgzZRmKm,1.0
nSXscdAn,1.0
n9dZenoP,1.0
TCH7vg7q,1.0
k7ytNY5j,1.0
DeaSV9ow,1.0
oHWPHKpJ,1.0
ke4YVEju,1.0
q7ijgSYe,1.0
8eXZtRcu,1.0
oxgnepXR,1.0
GbZy5jmD,1.0
ZNryDLnw,1.0
jnhLuTzc,1.0
HhkZFrGc,1.0
43NMJ2eq,1.0
nmgHLNZQ,1.0
VwP5Ng4X,1.0
PZe7Y2UE,1.0
GopBXbBm,1.0
gGkg5Suh,1.0
9dzbGze8,1.0
r5QP4zvZ,1.0
YQQ8h5pY,1.0
7Gq8NqdD,1.0
8WXwdNBY,1.0
XbJqHC46,1.0
qVWPF7zR,1.0
YDvYMMaR,1.0
8Gt6MH5s,1.0
N6qxgXed,1.0
72Am93tr,1.0
enLvFbLN,1.0
DfuKK489,1.0
8ccyqgB4,1.0
CTcVyuDq,1.0
V4YphAsz,1.0
W28VpE6w,1.0
sVKX43EQ,1.0
gbxzQ6UZ,1.0
4VodR3Cg,1.0
Wkh2tVGM,1.0
6apKhz4R,1.0
iM3zTJHu,1.0
hazEoobq,1.0
FXRgQric,1.0
CczGE2UJ,1.0
JmbQbgj2,1.0
sN8QtUEQ,1.0
b6uwvbmv,1.0
V8kRofmL,1.0
Y3FqUeQk,1.0
RbkexuYh,1.0
6MZ7RFc9,1.0
gzFRSHch,1.0
nEpcFwb7,1.0
azSmwJdB,1.0
nhX4a5Sb,1.0
dXnHTXWd,1.0
qPWCTYb6,1.0
nTkt5Bhx,1.0
SxBdBAf3,1.0
8H8xfDMs,1.0
PL4wt4s3,1.0
i4WBzvws,1.0
PDXfsWru,1.0
emQxoyxV,1.0
cMGqPXDn,1.0
NPn32nK2,1.0
WZVqS79h,1.0
f7ep66pC,1.0
KQkwJSNg,1.0
jRYzaVmK,1.0
ifbgjDH8,1.0
ezozrGu4,1.0
jLLex4x6,1.0
jQWyNPVo,1.0
s376QLde,1.0
Dv3Pwbv8,1.0
eCeVNt3E,1.0
rU7hAbvp,1.0
Rb6XWcC6,1.0
oD85vAjK,1.0
RahqdaF8,1.0
BWL6NuBH,1.0
kfactjg8,1.0
corxo9px,1.0
K6fH4JrU,1.0
Q4nLbCa4,1.0
QuZqukTR,1.0
ZYeyhiMq,1.0
X9BHfjqB,1.0
LDjPnuzP,1.0
42bj7QmS,1.0
98k9Ta3K,1.0
HqyCRorQ,1.0
bJizQcpr,1.0
PzcDxnV9,1.0
PJx8FPed,1.0
Zo2bAspm,1.0
39dSMcnq,1.0
Twx2sXf3,1.0
8naMaqHZ,1.0
kh5qQZTc,1.0
5AMLpcXJ,1.0
XnJy2eMh,1.0
dn2wiixZ,1.0
cBcjXvtK,1.0
HWRCsqwx,1.0
e2zwjy4U,1.0
maD54ck7,1.0
awBKGBiw,1.0
avt9HsJm,1.0
3pAaxqqs,1.0
gpC7fW8S,1.0
rjBBoK3K,1.0
dEMvqURw,1.0
pamXmU3j,1.0
cHQJcENh,1.0
E2yjCQZ9,1.0
mkRAkZUt,1.0
6PzFXXd5,1.0
Er3smoob,1.0
aGZX9noX,1.0
e9ArcGDb,1.0
7V9CjadV,1.0
QmdmRRPf,1.0
dsbWdefG,1.0
N4pNb4KP,1.0
M5cptHci,1.0
64G9Thud,1.0
UPrcfFGM,1.0
7ZV4mFuk,1.0
VdcYfeFC,1.0
d2CCFEtu,1.0
bKDovYfB,1.0
gY9NU3S4,1.0
P4uVKSJk,1.0
5aJYnyNX,1.0
pTVQ9kxN,1.0
FScCQrsp,1.0
ixDE4dYM,1.0
RXEZwW6e,1.0
TFYJtPUn,1.0
6FtRUhx2,1.0
YosPMmsW,1.0
MwSFhVw3,1.0
QVH2yUJz,1.0
NNA2kM3h,1.0
TeeS8yud,1.0
hJXVsJeo,1.0
tnpndQyB,1.0
hnxE4YfE,1.0
HKWLQEWX,1.0
8sKQAiLW,1.0
DEk8p6vn,1.0
AcYHTcL9,1.0
DuMKCvcS,1.0
j8DxLSQs,1.0
8UgHJXdx,1.0
9uejs3yG,1.0
stDjHGxE,1.0
EgdFRVBK,1.0
id5CsjV9,1.0
daXCdeee,1.0
WpHbeSAK,1.0
5QwYUFgh,1.0
AobfbxsQ,1.0
9ZLoec7D,1.0
NDMWo9XF,1.0
NMZT7S9G,1.0
3ZwdczgA,1.0
hj2Dt5eS,1.0
43VoPGEL,1.0
EbNkC4MM,1.0
5QGQKAeH,1.0
zGS34qaZ,1.0
t9aEkyKS,1.0
8z6iVACU,1.0
pvKWw3su,1.0
VpAyzSnE,1.0
Diqd2wMD,1.0
H7HDdsQ4,1.0
YA9LacUV,1.0
NYbPdzuH,1.0
5uoVBErs,1.0
3H5bxg6M,1.0
BPkCG2iq,1.0
FEfdjuDk,1.0
YqYL4RMV,1.0
mjbHFywo,1.0
goHNopcy,1.0
4UePNiZ6,1.0
gs8obNhV,1.0
rAkn7Rg5,1.0
4Gru9Urv,1.0
6TKLFh9a,1.0
sfLwT7K6,1.0
9CaqizsP,1.0
izCCsMCK,1.0
jbfvDD2n,1.0
QQBurLem,1.0
BMqCSuHb,1.0
Nwg2SCVH,1.0
DxiuLzGv,1.0
gbWb8Mgi,1.0
CuXH8cV2,1.0
AtrxD6vu,1.0
bdFe6Bgi,1.0
iu62cKqb,1.0
Qm8ErP8Q,1.0
FxWbf8Fz,1.0
YEnBJDUK,1.0
RdmgeVWR,1.0
TaLmFQTF,1.0
e5pNR6pp,1.0
8jTFkekU,1.0
GxacC3hp,1.0
BHmQwg6A,1.0
WFT4K8fZ,1.0
5sd5Y3Zz,1.0
E48EnYbs,1.0
UKFydwds,1.0
gh5hQ9bJ,1.0
cqrmNzr4,1.0
8D6YB7DP,1.0
NGzMQtqd,1.0
Ng3VHoyb,1.0
CtisgLu4,1.0
Q27puooq,1.0
8vPRTTAH,1.0
DZDS5EYK,1.0
SYCUoiKd,1.0
YAFhbu8n,1.0
gF4AQd7f,1.0
6FfWjJvs,1.0
SBRVRnJk,1.0
BFiKDe3L,1.0
gFyTeXyx,1.0
JdcjBDQk,1.0
crkiuVna,1.0
e9ndHT7t,1.0
ZK3zj4xs,1.0
hZcYkDmb,1.0
W9GCuoRZ,1.0
3zgrQMY8,1.0
t8HvK4X8,1.0
hDFksYqt,1.0
Ga7tR2zJ,1.0
qVAjEDR3,1.0
FaMEZLig,1.0
fB8Waa2w,1.0
6aMYo63m,1.0
hgh2geG7,1.0
WdmA56PY,1.0
CtAfM5p4,1.0
j6sPzkpA,1.0
Bb7sZoaD,1.0
Ecv6uAWA,1.0
FbgHnhw9,1.0
YpzCaUqC,1.0
NaERBJtU,1.0
LvmwvECU,1.0
CvUfRSnj,1.0
napuEazr,1.0
jrQc8J2W,1.0
E94xW3fe,1.0
dYdXYTCy,1.0
TCN2QNAs,1.0
jZJDxQqN,1.0
KGwAovwP,1.0
ewWLpP2g,1.0
tubrxpGT,1.0
ZfuPXcui,1.0
DC84khe8,1.0
sRhKVYgJ,1.0
4MjpSun6,1.0
8LBEcGhP,1.0
R2xAbUhc,1.0
MNsREeMh,1.0
aUMNTxsC,1.0
HXhQcrnd,1.0
R2HYA3E6,1.0
KhMB3xMq,1.0
8dYgicWw,1.0
ZqW9YBXG,1.0
L5TpqZm4,1.0
aup8wKLj,1.0
YdESJh9B,1.0
ccpPZjMZ,1.0
5gNQqEpQ,1.0
WHiYZeF6,1.0
RiEbesKH,1.0
SUmEHeaF,1.0
LzFZiBwC,1.0
WFcvjgSB,1.0
KBd6Pyhs,1.0
GfWLwLee,1.0
bKHRpZGn,1.0
MWT3AYPc,1.0
iixHv7QE,1.0
WFGDekUz,1.0
j9GSniCZ,1.0
JRAFhE7h,1.0
QBU9q5hm,1.0
E5ho6iZT,1.0
674bSPSE,1.0
MLbjBQoX,1.0
WSigHjMA,1.0
q44uTq7K,1.0
4Efk7Mxq,1.0
KLt2jWpk,1.0
rx6hR7BT,1.0
Jz4gZSry,1.0
YAvxFUrY,1.0
YmUdaK6Q,1.0
5qV4tMKd,1.0
3UaWMsvr,1.0
LrjfphNL,1.0
X8Pa3RNt,1.0
rNtneeai,1.0
VPT6sFij,1.0
Kr6MoVPL,1.0
JWCpK7om,1.0
CXQ6cauU,1.0
kYmWwzVz,1.0
owHJiepV,1.0
Wkfffsrd,1.0
ges2zjnz,1.0
SghzgxW3,1.0
WNuMjJxo,1.0
H9ZU6sum,1.0
GGzXvkLX,1.0
s89WHDJT,1.0
UEmRYmSj,1.0
8vZs7JVB,1.0
REf8mtTx,1.0
8h5gAmDt,1.0
MKB9qrNm,1.0
HW6LKXa8,1.0
i4ub83xw,1.0
bQuH2MDB,1.0
7Sa4Sf9J,1.0
afHmPAGu,1.0
6m2DYcga,1.0
ZM9nPtfD,1.0
eXdTMsFg,1.0
6vKoRQs8,1.0
WfPdupEv,1.0
dg2V8qXu,1.0
bwYNj3gx,1.0
EuUp9Lpp,1.0
evLH2uro,1.0
MTSd4mp7,1.0
iW6NvKFJ,1.0
Ne5peRyK,1.0
TV2pHYfq,1.0
KU7aQjVy,1.0
GhLoSY9T,1.0
eoQfcYYJ,1.0
5ySB3vXz,1.0
6SkmHDiV,1.0
nHH6h7Wn,1.0
iKV6BgDM,1.0
a7GoNoUY,1.0
3qz5Bswq,1.0
QSRGrdAV,1.0
Xug8Y4oi,1.0
RnaFh9Pr,1.0
DY2HrGFL,1.0
5WEQw26n,1.0
cRTzmRZD,1.0
3Mjfux5K,1.0
UMSaYGM6,1.0
WXR6jNoz,1.0
kZnr5mpP,1.0
WUdf9X68,1.0
a4oazWHr,1.0
7UiXDFAm,1.0
68zPgDwE,1.0
YZwThHw6,1.0
9vrpBvh3,1.0
Qt7V26qk,1.0
bjtU37TD,1.0
UD2pt5aB,1.0
n5WMiCGs,1.0
7nrVxaS8,1.0
5MBm8TT3,1.0
3tXqbWbB,1.0
hL5ZDZMX,1.0
h3uRGYFQ,1.0
R5ToLSyw,1.0
f8hAUYxK,1.0
mCJe3z6P,1.0
aYuHNoBL,1.0
Swes6u9i,1.0
4BntuYsH,1.0
e3D4jzaa,1.0
a9EZ3mkB,1.0
aNpkAG6Z,1.0
oATAS57Y,1.0
6p86JnJT,1.0
STnMVDTb,1.0
BdRkwMSL,1.0
bSc7YkG4,1.0
gsxoA6wk,1.0
DbBviqCE,1.0
6dWZGBZH,1.0
PCGuuhMs,1.0
EV5zZyzX,1.0
X2Q5Qax7,1.0
otKirAyy,1.0
ETxSA4vw,1.0
g74pPohc,1.0
n2PAjHBJ,1.0
5Kw4eW9a,1.0
ePQ6zvSK,1.0
o7FHoZqn,1.0
3A24DFSN,1.0
SwfK9sXk,1.0
wpdFiVqq,1.0
qk3APZSF,1.0
fmGFRdDU,1.0
k8Hp9uF6,1.0
mGVBJJ3P,1.0
eEqGjR6W,1.0
8pA445KH,1.0
BxxdQVfj,1.0
rqsoPYNV,1.0
LhWDEzdT,1.0
p6xUma27,1.0
fZ9Yet4D,1.0
J8DJi3oH,1.0
M8fsbuRv,1.0
VQpswEFV,1.0
96CUB9xR,1.0
Nu8hDwsB,1.0
QwCJtS5T,1.0
LjeiyJFC,1.0
ieYmQG9U,1.0
Nemy9fVC,1.0
HoVZKpBY,1.0
eZYFnNeE,1.0
TZseLWyv,1.0
6MMS5oEN,1.0
WZ7TKu2A,1.0
3aLy8tj6,1.0
t3q8jVnc,1.0
aZ3EZ9pn,1.0
r5Ww2GXN,1.0
rEPouZMj,1.0
gxtqz4Tq,1.0
R4UfLyq3,1.0
AKkAXm8t,1.0
9hcgbMgn,1.0
UXvNZYfV,1.0
3QDTEZan,1.0
5nPoiYhG,1.0
3MmWWyLe,1.0
obbHC3vo,1.0
bhYDvwpg,1.0
SBTK8myC,1.0
XdcSPatA,1.0
nRcAXXCU,1.0
YQn4E5K8,1.0
t4hufL45,1.0
QPafBoKR,1.0
inWDHH5s,1.0
JrtbLMFr,1.0
5FEDBVVp,1.0
eZCb6pXK,1.0
M5iTX3QJ,1.0
GgdrgCkW,1.0
qKSpyLLL,1.0
jxA9tV6B,1.0
QPAta7WK,1.0
5LrpWjU5,1.0
XtJUBFhv,1.0
ek4u57Up,1.0
83NX4vE6,1.0
Bo7TEbFS,1.0
FVTqtfd2,1.0
iikqBTTi,1.0
fYjwY7LS,1.0
SEDUQ37u,1.0
Jy5UjKrx,1.0
9bc2AqKc,1.0
VJnazTys,1.0
bQHymEFX,1.0
hn3V8mAE,1.0
apiUQgXt,1.0
7FeesHVg,1.0
K2n5ye8n,1.0
StMPftog,1.0
dbFUb3ZC,1.0
KNcK8rrp,1.0
XCfJFGyo,1.0
7WXVBwJ5,1.0
5yednAdE,1.0
MdoeHb8F,1.0
TNQiJixs,1.0
7KSWb6jJ,1.0
UytoS6ZB,1.0
JV7BwLsX,1.0
3Qr33aoR,1.0
JzgobkDU,1.0
VGjczMkP,1.0
DNxuxSCK,1.0
ZuPAQhF6,1.0
kinrYXU5,1.0
DZcxmrMb,1.0
Z89iFJTM,1.0
RRs8u4PJ,1.0
SwzvFNrX,1.0
ZRuDH5m3,1.0
Rms62ahf,1.0
HQFmjjcV,1.0
jjktwPMe,1.0
hUNQDxXu,1.0
NKd5dZTn,1.0
rtP3xr8N,1.0
gEr7J8Gy,1.0
5mHU2Fsh,1.0
fcSxZcv7,1.0
oXCmKKcg,1.0
7bc38zkB,1.0
Lpibud5w,1.0
MCHQZfX4,1.0
D7ogF3Eo,1.0
d8tNg6cy,1.0
7bnYckcD,1.0
CAQDLXKc,1.0
AhpTxFZB,1.0
GeZ6jXHE,1.0
9MpLjvet,1.0
mFjpcxci,1.0
PPcYV2oi,1.0
iqJiAwnZ,1.0
AWw8zvfM,1.0
qrq5gbBw,1.0
5aGNAXXm,1.0
gBvW6WHW,1.0
3ryM7TTh,1.0
nMb2fYfc,1.0
SRCLMece,1.0
K5q6BHJM,1.0
sDGAkNDX,1.0
G4ZRMWDe,1.0
YxM3Jedm,1.0
W7s2ccdz,1.0
DutbEjzp,1.0
LLY8UKi3,1.0
8eDVZpNg,1.0
DByPiy77,1.0
p6vQidzw,1.0
EkJH6Mfp,1.0
sx6Wjiif,1.0
5SMrHnSg,1.0
esJ6xuSc,1.0
LPBp593D,1.0
GtLsbGE7,1.0
nRBTYbr6,1.0
NZCppmfP,1.0
c6SNP8YV,1.0
Cks94PYP,1.0
mbToKehC,1.0
NzLFuwp5,1.0
ERgtptog,1.0
5i58Cxwu,1.0
4RVQJCX7,1.0
ChLPbVeZ,1.0
Hpq3aFpJ,1.0
dCUHvE7D,1.0
DQGwecMp,1.0
FJBwysJh,1.0
cgwtZTB6,1.0
prP8g4it,1.0
rcbYjF5C,1.0
4bGfZT5b,1.0
TzC26mEU,1.0
LGCHYxrn,1.0
fxw2VgTJ,1.0
SanCejnT,1.0
3HoYncMp,1.0
hqKFToDD,1.0
pYbTFJ57,1.0
K58jVZBC,1.0
sE7eqbcq,1.0
bcXLc7FC,1.0
pcWMGrHi,1.0
Pbmzb6Mc,1.0
TnARSJjH,1.0
SUrkwD8o,1.0
DMXqSA8o,1.0
4XQaU7g5,1.0
5qUdMAZi,1.0
TzLy85oq,1.0
XUsUedtq,1.0
4XyFR8tz,1.0
TKzEUFEv,1.0
U2REPG8C,1.0
ZHM6ST5f,1.0
Y9m67Fa6,1.0
aoS9sm6u,1.0
iP7TypLj,1.0
HPnaSZNV,1.0
eSdBEdan,1.0
qHJSgFoy,1.0
N9bihPFC,1.0
9q6QcmMD,1.0
XZixZ35m,1.0
ThHnAGa6,1.0
ak9xuvF8,1.0
mRHzpauc,1.0
inkWQQAp,1.0
JWRy47gg,1.0
aPxaMzX4,1.0
VRPQRB8Y,1.0
GYLttgjm,1.0
QZhnNGFw,1.0
H8ikk5Xs,1.0
Ue3jWtVT,1.0
jhbRB7PN,1.0
UdKkuSng,1.0
RF6tgdUU,1.0
giEW7Bqn,1.0
zDWHDszw,1.0
YKAUpnDu,1.0
hbe47ytb,1.0
MrpjoFwo,1.0
8yNN7ThX,1.0
3AvbNm24,1.0
EHveDdhP,1.0
Q6EUFvje,1.0
NEjBanCe,1.0
YYMVtq2a,1.0
hE8uL8e3,1.0
bqXN4TRt,1.0
L6C8f7Tj,1.0
JgcPsrHa,1.0
L4wn8FHf,1.0
fQZYaDpK,1.0
kypjvabN,1.0
hKiqcuPk,1.0
FriZWagD,1.0
bXVcEH9i,1.0
AvrXNyp3,1.0
tZEyarUA,1.0
4kkgRnVM,1.0
9Uny5Q9P,1.0
gy7a3Eu7,1.0
9ZSr7nzM,1.0
NeEmHcoz,1.0
4fszhWuf,1.0
k5jeuSYj,1.0
mhHBfUNk,1.0
Um29XKmo,1.0
ohYZCk9P,1.0
a2NuauHh,1.0
rWQbhzRF,1.0
H7rhkxbr,1.0
4Et2wgXt,1.0
LQPVxU7b,1.0
i4fWYXnz,1.0
fDg6dpoU,1.0
DFc7iLRD,1.0
exoJq6Kf,1.0
RCABLAFP,1.0
ffDXB2aX,1.0
qkuDipha,1.0
SKCfC23g,1.0
odaC5g4Q,1.0
ajGA5SCN,1.0
VZhtvAbM,1.0
KSp9YF2a,1.0
PV2S73X9,1.0
PdHBwzEH,1.0
MEo3SmN4,1.0
N7CHndma,1.0
pKZP5W3R,1.0
LJachk5R,1.0
97bDtABe,1.0
43JU956j,1.0
9mum5DJ9,1.0
LTehW49N,1.0
ZikqWM8e,1.0
WkQYGU9v,1.0
7KAMNi4i,1.0
toLkZTxE,1.0
jp33HUte,1.0
67F3QSgq,1.0
ZBHptq4S,1.0
RFUYBA9g,1.0
cLXgAnzY,1.0
oUoRumrs,1.0
3h6jSpcs,1.0
pTTMErQj,1.0
d7EUxnSE,1.0
72d4CNEA,1.0
J3GyXtan,1.0
YXEHZS3a,1.0
F7nBtE7w,1.0
3L5UGJfp,1.0
qR4pUtAd,1.0
WaxhtrT9,1.0
VJCL9V69,1.0
djqajQTs,1.0
StMaJreh,1.0
b8TXqiyi,1.0
Qo3V43uZ,1.0
nFbssQnx,1.0
fGLyKQnd,1.0
7ksqQMug,1.0
dNUwfaZP,1.0
5TYkbxxW,1.0
J7dvRmzC,1.0
k5YT9jb2,1.0
BKy6dtbf,1.0
TYGhQmAD,1.0
eZJ5uLSA,1.0
37PkTsVQ,1.0
eA6WCnRm,1.0
j7mQGQUN,1.0
snmud2Vu,1.0
dD2tHK2G,1.0
fuL8jgxE,1.0
iVnHyiPx,1.0
gfea2WwY,1.0
gkrbiezZ,1.0
aJpqiSva,1.0
d5YtRvWg,1.0
84XG5t3x,1.0
r2MSW2aJ,1.0
ZQhKsxsu,1.0
a6S7vfNf,1.0
kKJii6ox,1.0
tpQtqzuP,1.0
6wYUaaac,1.0
kgDBeJUP,1.0
gXS69AqA,1.0
Xf7Aptxe,1.0
W6aGScgW,1.0
Kg6ZqnzN,1.0
ZRKKhfFS,1.0
SCtXbKVL,1.0
kAbK3FVB,1.0
e7GBRuF2,1.0
basqGzvM,1.0
B8qdJsTa,1.0
irFFJP7C,1.0
oELSoZy6,1.0
39pZubZb,1.0
qf9i3XpS,1.0
gTBHuGmM,1.0
CQ4CNNDi,1.0
3DqGZgn4,1.0
GhNTQCFs,1.0
GiT6ncxS,1.0
RjkWmPTc,1.0
EJCHoqrc,1.0
nnvY6D43,1.0
c432PjLe,1.0
dNznXPfV,1.0
6Pz7Cq5N,1.0
KtpMUvYn,1.0
ZbkQGPPy,1.0
ZWCpJvXb,1.0
GJ6DoRYc,1.0
qMoRS7mw,1.0
se9AT8SW,1.0
6FWSNuLN,1.0
7bi86WuE,1.0
s94zMwb7,1.0
KjEZhLzX,1.0
AhZeeAJB,1.0
nNmKjraL,1.0
oY5r4RME,1.0
F25wXaCA,1.0
PBPndApL,1.0
8YvUpHwZ,1.0
TJrUTSQ6,1.0
3FmamD2x,1.0
P6Ex9PzK,1.0
PKyAMhYJ,1.0
e4iCyhNQ,1.0
SQhmm3hb,1.0
aMzYhJ62,1.0
nPwVKw9N,1.0
NqPaEJTk,1.0
d6x8mVPo,1.0
SGv9ysGb,1.0
CbtJ3CjP,1.0
8oV7V2Hx,1.0
ZBZhxd4L,1.0
5hPH3iD6,1.0
dooJRWwU,1.0
Lf63SdAU,1.0
fMTwtdKZ,1.0
qaFGU2uH,1.0
CuT3psMu,1.0
b2ejpT58,1.0
ihQYECW8,1.0
4pyWh4dg,1.0
A5tJmAko,1.0
nbzvcfWi,1.0
YstsLjX7,1.0
sTqu4tVU,1.0
cS2iDFk6,1.0
EZMDHTQh,1.0
XjsNG6jt,1.0
D3tYQanW,1.0
AvY8TEx7,1.0
RShkgnMd,1.0
DD3tMmL7,1.0
UJKPzy2L,1.0
Dh9bWnWK,1.0
VYAoXDch,1.0
JbRterdK,1.0
YPCi5May,1.0
6HZd7XVF,1.0
mSjktmqD,1.0
74bwFgQu,1.0
NezTubMd,1.0
sBXsjXtz,1.0
TYuaNKk3,1.0
C4EhtVnV,1.0
YpzQFq5B,1.0
ekko56Cm,1.0
X5RQsNus,1.0
Vh3DARJ4,1.0
5Kf2cf3Q,1.0
Tvmg9KLg,1.0
GnyvqL7c,1.0
C7tvQQrA,1.0
cSB5foEn,1.0
cE4sSHKC,1.0
bTrJjqqp,1.0
FdTafDTS,1.0
MdULMuUr,1.0
CDbyvWUS,1.0
Nuq9fkKp,1.0
VdCoHzTM,1.0
L5FX5wUv,1.0
AYgxmV4H,1.0
dXZLUW46,1.0
kPmQaEUp,1.0
EAgpEnyw,1.0
STEVn7Z3,1.0
buVJCB4X,1.0
mZGcDxdN,1.0
dvCsvm45,1.0
SZLo6aob,1.0
An5tgyvw,1.0
6QTKoKmu,1.0
oVYecLGz,1.0
U7aKgMGt,1.0
Gzdg2uUe,1.0
AieTsWiv,1.0
evyfwqAZ,1.0
EhqhyJio,1.0
S3cXuXWh,1.0
SK8dr5Qm,1.0
qbg9DkLP,1.0
Yb4VWCF2,1.0
MsQQT9uR,1.0
WbH3PLht,1.0
Wgv59onQ,1.0
hLDopau5,1.0
ds3a9yko,1.0
CFPWpFhs,1.0
ik985Sid,1.0
BDcTs36L,1.0
GxmJEBpJ,1.0
hRTeCkhq,1.0
FGR9TMiA,1.0
oFravVMS,1.0
q2Xru36g,1.0
LKuwM8Rv,1.0
852vBZxx,1.0
VHZtSAXT,1.0
3RYyaHvQ,1.0
Bn4kptnd,1.0
sP9W7Uvs,1.0
JmNGPdHS,1.0
YUvhS5ff,1.0
CaVqcjVf,1.0
pDXHVXPg,1.0
SnQ5ULdm,1.0
DdzeqWYx,1.0
qCXBGSCv,1.0
UQVQxFMa,1.0
fETeg9mU,1.0
CiSWdVQ6,1.0
XHgYXQQk,1.0
Lu3ySxby,1.0
nheuoGRe,1.0
V2umdPgC,1.0
SV2mRBgy,1.0
mFdcdirk,1.0
bSNzzd6c,1.0
P5caPXB8,1.0
8uhLnDPB,1.0
A3U6JmHz,1.0
YWjCGXpi,1.0
KqXyx5m9,1.0
AkMbN4YV,1.0
GfvLBnJD,1.0
8x9fLdx6,1.0
ffW5bcyy,1.0
preh5u4o,1.0
9QCZQF8h,1.0
9Yq89noz,1.0
tggP5Gio,1.0
LfEEC8oh,1.0
6rfYxLJ5,1.0
VgPnxfcz,1.0
QoYgnB87,1.0
g4SDtCoN,1.0
kvzENuPV,1.0
rcLoEJbv,1.0
iuJ5TkSH,1.0
EXpoQDKY,1.0
NMBHvbg6,1.0
d4Mq3Md5,1.0
SqNexwPM,1.0
DWmXvNFy,1.0
f5ybgQkN,1.0
FRAG7pL4,1.0
EVDHNN7W,1.0
5vSLFggP,1.0
U6Yodegz,1.0
WqQCGBRN,1.0
ZozkRUv8,1.0
AN8mk7yq,1.0
RP7bbwXM,1.0
fEyTXM36,1.0
jdBm95xK,1.0
aF3XqYtQ,1.0
UpCGdDkw,1.0
rMAMXHeJ,1.0
GfwpArGV,1.0
ex8ZAusd,1.0
gi43HZJ5,1.0
73fkoNqG,1.0
rioe2fvf,1.0
6sgvo8N5,1.0
AhGsXRon,1.0
AwKZNSch,1.0
Jvf39mfz,1.0
MGgfrqdh,1.0
gYisZ6JS,1.0
eXwPQgxg,1.0
S7jnLzta,1.0
qn8AK9Ae,1.0
NYpahiuU,1.0
bwiWvCHT,1.0
hrq6CA5i,1.0
ZwHyjx4g,1.0
otKEeyi5,1.0
kozwKYzd,1.0
tAwtSudV,1.0
JhKycLqG,1.0
UEH6RUNT,1.0
FzGr6aVs,1.0
DQrQKGT3,1.0
nGoXsNtM,1.0
PjZuEaja,1.0
jGxu8GSx,1.0
4ELEQdcq,1.0
kAcazchu,1.0
GvwHq99w,1.0
tuCPQCCS,1.0
Qd3MjKhH,1.0
htkNFzij,1.0
A2vY4Wkc,1.0
Acj56qDQ,1.0
YjgUgS3N,1.0
qjwr6N7x,1.0
cc2dweXR,1.0
UB5s6rJK,1.0
Xixeqodp,1.0
bp7kmoWu,1.0
VnDnmrKA,1.0
guPV5bGS,1.0
MGTcTiXv,1.0
AYzSZqv8,1.0
3X6bKN9A,1.0
qogXr4gq,1.0
aEq6Edzz,1.0
ghRddpLF,1.0
TRNJaFZm,1.0
Sa7Vs4bM,1.0
jLCuh3yv,1.0
VjdgV9MC,1.0
HQ4PqgZM,1.0
aV74Kfof,1.0
oMN7keUU,1.0
ZXr2LrqH,1.0
LHGX5Vvf,1.0
rugHVrQb,1.0
jKy38Bh4,1.0
aCVDhBdv,1.0
fqocwxRV,1.0
C8vDoCC9,1.0
fRbsfGwk,1.0
baAfwYLb,1.0
mLPvANaq,1.0
URFUvf9C,1.0
5BnNhrqC,1.0
o4qNSP36,1.0
mrVgmWJM,1.0
edMGDbjD,1.0
RBuobteV,1.0
VB4GosVg,1.0
EtBHzAET,1.0
gYK9Ry5N,1.0
akV8EQMV,1.0
5r5G9xyY,1.0
5Wod65xm,1.0
7xQvWZLf,1.0
a4mGPfku,1.0
kaHpfQYA,1.0
TpqQLHd5,1.0
XNHaPxwa,1.0
nXf2nGqJ,1.0
EPqUhe4r,1.0
ZVHUTyCh,1.0
4GveWuhL,1.0
XmCKvdk2,1.0
nHRun525,1.0
NxCVzTux,1.0
o7YVVdHL,1.0
4gwL28Pf,1.0
FoV5uDPZ,1.0
taFbA73J,1.0
MHd25CUd,1.0
AcR8VmZd,1.0
TUT2SQJD,1.0
hp9bwiRP,1.0
oy2hp9wC,1.0
Exo7uwcH,1.0
iVHpmUo2,1.0
C8kXqEUo,1.0
YR3QjUCi,1.0
9KyJUGMr,1.0
MCGcP7cS,1.0
52oufu4W,1.0
ZFqH3txz,1.0
ZSsqQrPn,1.0
5PQN24Eb,1.0
TPyqdLgj,1.0
Vmsd4GPS,1.0
JPhUvKiY,1.0
RnGqqr3n,1.0
8ZTFXLzg,1.0
Y9jvnS4t,1.0
XM3wUs2e,1.0
BXVQqaYP,1.0
KcXZuczg,1.0
aFu2krjB,1.0
KM3FiPJC,1.0
HU6bxKBi,1.0
rj2isz5k,1.0
pyeNheJu,1.0
PvtUYKqQ,1.0
TgFQFww9,1.0
9KnKcwPT,1.0
8nC9Dx7R,1.0
rUm2no3g,1.0
eBKtJYCy,1.0
TvhfWk4F,1.0
6ZNwfcxR,1.0
oavjyjCL,1.0
ZD4kzn3c,1.0
Cc9rJcRg,1.0
erm3sbtC,1.0
jcHmVVvW,1.0
PSkaPMpX,1.0
nb2qRw4X,1.0
bU7g5V54,1.0
fKDfPwhb,1.0
HYEKUZeN,1.0
dGdPzc7c,1.0
fUS3kzPS,1.0
ocacC2f8,1.0
YPMugqTC,1.0
WtUE7DfT,1.0
cqVhh44p,1.0
i3LqZUh5,1.0
GeRSDhFv,1.0
bMU8LQ9y,1.0
W2FzLJaL,1.0
7siCauLv,1.0
WyeGUXHY,1.0
dkoczwu7,1.0
fkKGUnuw,1.0
XUmp8pa6,1.0
jY3nNBri,1.0
SH6Fi9gm,1.0
CsRVZpuQ,1.0
Y2rN3D3H,1.0
8BUCS8tn,1.0
S275ro2W,1.0
r5WMs4xU,1.0
SzgTTG8Y,1.0
knSSgqc9,1.0
BJEFuC4X,1.0
EfY4p6KG,1.0
Dk3s8d2C,1.0
YX4Q8ssZ,1.0
BjE3Nuro,1.0
H4ayfgpL,1.0
VfyWyK3Y,1.0
32sfbHZV,1.0
BESzDZVE,1.0
La8Ni5sD,1.0
r5hQYZ7i,1.0
SyeT7eRi,1.0
t6ofziec,1.0
oP8uWwv5,1.0
FbZ6hD88,1.0
pfWWaQQu,1.0
oRQBEjRY,1.0
ftNceArf,1.0
tHeFY7RE,1.0
NcWBayih,1.0
7vD9viGH,1.0
V8d6LU6Z,1.0
dHNZfvKU,1.0
gvgUxiPb,1.0
pn7CZ6kS,1.0
jMWBoXy9,1.0
SPQ7sjZr,1.0
76JRWyFK,1.0
AGrDsn5T,1.0
GZSKRvxc,1.0
KBeyX89N,1.0
RJVbZGVb,1.0
32nhsQT7,1.0
ZkfTAUDj,1.0
VbfdbQwt,1.0
3yHjUUCM,1.0
X7SYnzrC,1.0
W9A787M4,1.0
JsNX7R9W,1.0
oUKwPsKd,1.0
nsNw7gBx,1.0
LJWTRoTJ,1.0
BnqsLKRH,1.0
rWEairag,1.0
8Ue3CGny,1.0
Acw63CMR,1.0
kZ6a6jDq,1.0
mEA4xVoz,1.0
oeyiRkZS,1.0
aZibPBMp,1.0
pixpbTnY,1.0
7bzd2LTU,1.0
p9NJLEjr,1.0
YTjt9xAL,1.0
akYDcnqj,1.0
Z5qnKEcu,1.0
j2oQstDu,1.0
rbFvhYLz,1.0
YUC2Ssmp,1.0
MKZFPGpw,1.0
qoqRcRbs,1.0
TFXQZ9eS,1.0
n4BnXkwu,1.0
RH34upjm,1.0
fdJNvgZi,1.0
W25nQEri,1.0
bxQW5g9i,1.0
Mhorp2JC,1.0
4wSTVefb,1.0
i4BYKTJg,1.0
W7qBkdvV,1.0
rS4xPiKN,1.0
doex4ZDv,1.0
HatbegJ9,1.0
TF2YGd2T,1.0
3FYAL7gs,1.0
dHreG5qD,1.0
RuSmLue2,1.0
4wqPp4ZB,1.0
ovWadkMe,1.0
eHKHvDa5,1.0
bcRWXmB5,1.0
JS5nSYbT,1.0
JrTs52pD,1.0
P7Wt6Kgn,1.0
6mSNUDVq,1.0
TkG4on47,1.0
qt7TwXrF,1.0
ittEGMGm,1.0
GsXNqb2x,1.0
JHDHxnrY,1.0
fUNmwdeS,1.0
UkS6ETgT,1.0
bksWMyhB,1.0
XeKLSqyV,1.0
iDt5Cco7,1.0
UNT8vPuH,1.0
gcz4rSdp,1.0
FnWPRny7,1.0
jfb86z2d,1.0
BCgJa5uU,1.0
BaoAuzT5,1.0
b6ApYoXc,1.0
EgyrcBxQ,1.0
J7GmGXAi,1.0
8NvGH9Ck,1.0
NRTJweGG,1.0
V6RNu4t8,1.0
M3MPBFRL,1.0
CHwnvaE6,1.0
gN3f9fLC,1.0
rjdQnLDA,1.0
NFc4Xycp,1.0
hCQjTMxK,1.0
5tKHpJfr,1.0
jWhKDqdz,1.0
fzp7f3nE,1.0
WjWcxw7z,1.0
fwr8jhWN,1.0
4KWdt6Mc,1.0
Rz5AqEYJ,1.0
B5LZxbuU,1.0
8AcAoAFZ,1.0
teuoDVbz,1.0
KrQ2QzXN,1.0
9J2psVCN,1.0
EAN6i2LA,1.0
jfuVSuXN,1.0
UGpTtrXc,1.0
XQ2PpR56,1.0
EhDMd7t5,1.0
dKT4jKo7,1.0
MrXHirJG,1.0
UHWBq7Zh,1.0
NLEiAdfT,1.0
o9fsBdwU,1.0
tXp7Ckyk,1.0
DeVSSybj,1.0
s26XMvjv,1.0
Kkvy7V4e,1.0
qkYAdys9,1.0
p7UbasFw,1.0
baYaStKG,1.0
oRSqFrnU,1.0
aa3FWirU,1.0
tikeg5FX,1.0
fVFUFYCr,1.0
MZnQ8MJY,1.0
tUoqUByg,1.0
9nxNVEug,1.0
fe4jceDk,1.0
68saPYhy,1.0
hHQRfsqZ,1.0
tXS5sbAY,1.0
M64LoAMk,1.0
UfvwESuo,1.0
PSE87Scf,1.0
fRoUzbYQ,1.0
HurK9Pvg,1.0
GpiR4SPd,1.0
KWaxWFGh,1.0
LuDHWyBR,1.0
PaXVV5xG,1.0
jMpGdxni,1.0
EciJGjsu,1.0
Q8xT542w,1.0
G4HdFj9Y,1.0
Pqq3jgPy,1.0
NmBZ7X5A,1.0
Q85CQTR5,1.0
4HqneB3k,1.0
kXv5MbT4,1.0
iZzMQZci,1.0
dynx256w,1.0
GVDyQxNC,1.0
C83Ypjsb,1.0
NhTHrAdD,1.0
Q3A6FPj2,1.0
qXL6sfEM,1.0
KRxCrkUx,1.0
pyghVuG7,1.0
DjRfoKmg,1.0
tuSKhNSr,1.0
ZDDEv6fL,1.0
F8ZUdtsT,1.0
CrbHACWw,1.0
K54GqvK4,1.0
s8AioiUD,1.0
qYwDjUX8,1.0
RFSQEt4C,1.0
KPX4jaB9,1.0
MHqX6aja,1.0
hWtvSxNj,1.0
Fh9bYAWE,1.0
NJYbWaSF,1.0
dFQ4WNUL,1.0
C8VKiXSm,1.0
PWiPkH3A,1.0
THfhgBnA,1.0
HrbgXTwB,1.0
FBfAgzb3,1.0
ix425BfF,1.0
n8a86Lw5,1.0
6TfxwcNQ,1.0
pppiyYUa,1.0
EgDY3yDH,1.0
j5uMYZya,1.0
7TGBj7Yx,1.0
syTpNs3f,1.0
dhgcjFPp,1.0
HWYU9Z57,1.0
L8SSzejy,1.0
PPuz9uVt,1.0
askBsr7c,1.0
oHDxkb4T,1.0
6oENfS4E,1.0
4CW9d3r4,1.0
6GsifS7t,1.0
T4MA3g4G,1.0
Wvx4UWmv,1.0
rEpaHib3,1.0
6SbnDybW,1.0
YGG6PPgD,1.0
jxcbgKbN,1.0
suxkwbLh,1.0
GGzLM6pk,1.0
rgZzZuf8,1.0
WDakhXXX,1.0
KDMobjnJ,1.0
hewyXpmM,1.0
GJpKE9sU,1.0
rcaHmz9X,1.0
WrPC2BsR,1.0
ikin2A3n,1.0
hqzRqzwM,1.0
tkqPf9pL,1.0
6yDbkYhw,1.0
tS788WPA,1.0
qQURtG4U,1.0
GnZBgbs2,1.0
zqD7QE64,1.0
tGWvz9CQ,1.0
tEzVoAdp,1.0
picLQ7Pq,1.0
tUtVeANL,1.0
auN7xLsC,1.0
feJHzcXY,1.0
Y7iTAU28,1.0
csyMFuN3,1.0
LrHEk3E5,1.0
tLVntJj9,1.0
H8SUsSgh,1.0
kPgf2mEc,1.0
k8qT8ic6,1.0
RV2DDiVv,1.0
sGsVneEK,1.0
eNtxfbLp,1.0
kMNTn3vm,1.0
Uzwnwuhg,1.0
7HXmgEYt,1.0
VdsdxVGF,1.0
rws8vynD,1.0
iM6sm7RE,1.0
4MNnGkxg,1.0
Co2hNXRM,1.0
nRizZcuV,1.0
KnVVYBEz,1.0
bVMnXvhx,1.0
Uq8CDrra,1.0
rVz2RF3n,1.0
BzL3xo8o,1.0
g22HeiEm,1.0
fvD2mc58,1.0
oHSxVezT,1.0
8brFQFeE,1.0
UgoRexSt,1.0
XaSbypK6,1.0
6heQAR8N,1.0
axo5Pyia,1.0
cRn3u9SL,1.0
HfpMcPXz,1.0
osGoPMXA,1.0
kvAx2xXN,1.0
jBouENqU,1.0
gDKHpTGW,1.0
mwm8VyTh,1.0
39hJ6QVd,1.0
LgAEVMwM,1.0
G9hCsGjB,1.0
UdTUF4aQ,1.0
bPEJ4Gti,1.0
4EZ4Vpsb,1.0
hb7WMZRt,1.0
raADrp8A,1.0
mJw7v9hr,1.0
M9XufZg9,1.0
GtqkUE23,1.0
Qf5gMh4f,1.0
evCjFeqx,1.0
6XQ4xfZy,1.0
DVJD7NBQ,1.0
Za6LtDDz,1.0
KGbm7NG6,1.0
KxbSMpZu,1.0
8zARLWVm,1.0
ju8hnk9r,1.0
oBq5BHKT,1.0
5jew65GB,1.0
sbW4XJYm,1.0
de3msb5Y,1.0
JtZoL9zR,1.0
4ZgsJHQR,1.0
CxTnDM2K,1.0
Gpdk8ffc,1.0
TvKgypF2,1.0
oc2Dpo6h,1.0
eJbTiqnb,1.0
HjtUAB4p,1.0
EkGMpaCz,1.0
JP8uprte,1.0
HWhveboZ,1.0
eWo9jZTR,1.0
NVy4kL4M,1.0
YG7mevxb,1.0
ho83HXc5,1.0
MjsXxu9i,1.0
c8Ex6RKG,1.0
Svpkg8Ky,1.0
UCkVK2ZR,1.0
E8nwT9zr,1.0
4bX8tYi7,1.0
Y6uCbPLU,1.0
sQCD2Xh5,1.0
YpUbf7eA,1.0
N32otHc4,1.0
9nt4fYe8,1.0
BFfLk5sc,1.0
UyjAvg4v,1.0
ocZLtsHW,1.0
jFrBr6Hq,1.0
DNeNwibg,1.0
pkEM8njS,1.0
nE4xQaS7,1.0
k95UPUWr,1.0
o89y3Pyb,1.0
XrVBnHik,1.0
YvkEDAu4,1.0
Vovsr7Uq,1.0
KPeNnBni,1.0
XjmLnaXN,1.0
n7DLfW5B,1.0
X3Mn3oX9,1.0
FutBcGEX,1.0
BwVy45ok,1.0
JoMAy8po,1.0
VxptN57L,1.0
MydfLQZr,1.0
BetbQPzN,1.0
f8EwTiCm,1.0
JbhLZV4y,1.0
F8HyLqzP,1.0
mEmjVxS5,1.0
9bRQWyJA,1.0
PhXfbuEG,1.0
ZyWyLyVo,1.0
dWvA7JRi,1.0
PEgjMiY8,1.0
CU5KEtsy,1.0
qMk8BFqi,1.0
czbRHnRw,1.0
gCj2TT3N,1.0
Y38r3jBF,1.0
FjoQt4rn,1.0
PUqL88kJ,1.0
JmncaFTA,1.0
UBkgpEV6,1.0
jjRQzQFU,1.0
nhB7dMTg,1.0
fHbessNU,1.0
JwikncCM,1.0
8FjoWFhE,1.0
dvU8Qu38,1.0
78rnPUko,1.0
eUMgrGsv,1.0
B3veMZEq,1.0
9aj6q8WA,1.0
3NEknK22,1.0
8f2M8yV2,1.0
s7GVBjXD,1.0
ZNhqybFE,1.0
PGxi6Fbd,1.0
7sfzjLCH,1.0
Y3UfpBm6,1.0
qsTdKV3E,1.0
QBvkttpk,1.0
BxD47tx9,1.0
phmktczp,1.0
eeEo4gHJ,1.0
YfmAyBYQ,1.0
9pZWmo9a,1.0
GPyg6ByA,1.0
NSZaM2Bi,1.0
